SpecName,Circumference inches,Height feet,Spread feet,Diameter (in),,Height(in),Spread (in),Class,Name_matched_accepted_family,Genus_matched,Specific_epithet_matched
Avicennia germinans,101,43,57,32.15,,516,684,Angiosperm,Acanthaceae,Avicennia,germinans
Viburnum prunifolium,64,24,28,20.37,,288,336,Angiosperm,Adoxaceae,Viburnum,prunifolium
Viburnum prunifolium,64,24,33,20.37,,288,396,Angiosperm,Adoxaceae,Viburnum,prunifolium
Viburnum rufidulum,47,30,28,14.96,,360,336,Angiosperm,Adoxaceae,Viburnum,rufidulum
Viburnum trilobum,10,32,31,3.18,,384,372,Angiosperm,Adoxaceae,Viburnum,trilobum
Viburnum trilobum,18,25,25,5.73,,300,300,Angiosperm,Adoxaceae,Viburnum,trilobum
Viburnum trilobum,10,32,31,3.18,,384,372,Angiosperm,Adoxaceae,Viburnum,trilobum
Sambucus callicarpa,48,36,29,15.28,,432,348,Angiosperm,Adoxaceae,Sambucus,callicarpa
Sambucus callicarpa,56,27,32,17.83,,324,384,Angiosperm,Adoxaceae,Sambucus,callicarpa
Sambucus mexicana,134,33,44,42.65,,396,528,Angiosperm,Adoxaceae,Sambucus,mexicana
Sambucus canadensis var. laciniata,26,18,12,8.28,,216,144,Angiosperm,Adoxaceae,Sambucus,canadensis
Sambucus cerulea,156,45,40,49.66,,540,480,Angiosperm,Adoxaceae,Sambucus,cerulea
Sambucus melanocarpa,39,42,30,12.41,,504,360,Angiosperm,Adoxaceae,Sambucus,melanocarpa
Sambucus canadensis var. canadensis,38,16,22,12.1,,192,264,Angiosperm,Adoxaceae,Sambucus,canadensis
Viburnum lentago,34,50,40,10.82,,600,480,Angiosperm,Adoxaceae,Viburnum,lentago
Viburnum nudum,9,23,13,2.86,,276,156,Angiosperm,Adoxaceae,Viburnum,
Viburnum nudum,11,19,11,3.5,,228,132,Angiosperm,Adoxaceae,Viburnum,
Viburnum nudum,10,22,8,3.18,,264,96,Angiosperm,Adoxaceae,Viburnum,
Viburnum obovatum,22,32,31,7,,384,372,Angiosperm,Adoxaceae,Viburnum,obovatum
Liquidambar styraciflua,278,136,66,88.49,,1632,792,Angiosperm,Altingiaceae,Liquidambar,styraciflua
Mangifera indica,346,94,91,110.14,,1128,1092,Angiosperm,Anacardiaceae,Mangifera,indica
Schinus molle,367,57,72,116.82,,684,864,Angiosperm,Anacardiaceae,Schinus,molle
Schinus terebinthifolia,166,35,52,52.84,,420,624,Angiosperm,Anacardiaceae,Schinus,terebinthifolia
Toxicodendron vernix,18,30,19,5.73,,360,228,Angiosperm,Anacardiaceae,Toxicodendron,vernix
Toxicodendron vernix,23,23,21,7.32,,276,252,Angiosperm,Anacardiaceae,Toxicodendron,vernix
Metopium toxiferum,81,39,32,25.78,,468,384,Angiosperm,Anacardiaceae,Metopium,toxiferum
Cotinus obovatus,95,39,38,30.24,,468,456,Angiosperm,Anacardiaceae,Cotinus,obovatus
Cotinus obovatus,104,32,43,33.1,,384,516,Angiosperm,Anacardiaceae,Cotinus,obovatus
Rhus virens,36,12,17,11.46,,144,204,Angiosperm,Anacardiaceae,Rhus,virens
Rhus choriophylla,24,20,19,7.64,,240,228,Angiosperm,Anacardiaceae,Rhus,choriophylla
Rhus lanceolata,48,23,35,15.28,,276,420,Angiosperm,Anacardiaceae,Rhus,lanceolata
Rhus copallina,38,29,32,12.1,,348,384,Angiosperm,Anacardiaceae,Rhus,copallina
Rhus glabra,36,52,28,11.46,,624,336,Angiosperm,Anacardiaceae,Rhus,glabra
Rhus copallina var. leucantha,13,22,15,4.14,,264,180,Angiosperm,Anacardiaceae,Rhus,copallina
Rhus typhina,50,61,20,15.92,,732,240,Angiosperm,Anacardiaceae,Rhus,typhina
Rhus ovata,65,32,33,20.69,,384,396,Angiosperm,Anacardiaceae,Rhus,ovata
Asimina parviflora,21,24,17,6.68,,288,204,Angiosperm,Annonaceae,Asimina,parviflora
Asimina triloba,26,63,29,8.28,,756,348,Angiosperm,Annonaceae,Asimina,triloba
Annona glabra,125,44,47,39.79,,528,564,Angiosperm,Annonaceae,Annona,glabra
Nerium oleander,46,29,36,14.64,,348,432,Angiosperm,Apocynaceae,Nerium,oleander
Ilex cassine,44,57,21,14.01,,684,252,Angiosperm,Aquifoliaceae,Ilex,cassine
Ilex cassine,54,42,36,17.19,,504,432,Angiosperm,Aquifoliaceae,Ilex,cassine
Ilex cassine,34,61,34,10.82,,732,408,Angiosperm,Aquifoliaceae,Ilex,cassine
Ilex cassine,32,68,31,10.19,,816,372,Angiosperm,Aquifoliaceae,Ilex,cassine
Ilex cassine,55,40,36,17.51,,480,432,Angiosperm,Aquifoliaceae,Ilex,cassine
Ilex myrtifolia,77,55,35,24.51,,660,420,Angiosperm,Aquifoliaceae,Ilex,myrtifolia
Ilex coriacea,10,27,12,3.18,,324,144,Angiosperm,Aquifoliaceae,Ilex,coriacea
Ilex amelanchier,8,14,18,2.55,,168,216,Angiosperm,Aquifoliaceae,Ilex,amelanchier
Ilex longipes,5,12,12,1.59,,144,144,Angiosperm,Aquifoliaceae,Ilex,longipes
Ilex ambigua,18,27,30,5.73,,324,360,Angiosperm,Aquifoliaceae,Ilex,ambigua
Ilex opaca,104,89,63,33.1,,1068,756,Angiosperm,Aquifoliaceae,Ilex,opaca
Ilex opaca,125,76,48,39.79,,912,576,Angiosperm,Aquifoliaceae,Ilex,opaca
Nemopanthus collinus,13,20,10,4.14,,240,120,Angiosperm,Aquifoliaceae,Nemopanthus,collinus
Ilex decidua,39,47,31,12.41,,564,372,Angiosperm,Aquifoliaceae,Ilex,decidua
Ilex decidua,37,42,43,11.78,,504,516,Angiosperm,Aquifoliaceae,Ilex,decidua
Ilex verticillata,24,13,16,7.64,,156,192,Angiosperm,Aquifoliaceae,Ilex,verticillata
Ilex verticillata,21,13,16,6.68,,156,192,Angiosperm,Aquifoliaceae,Ilex,verticillata
Ilex laevigata,8,18,21,2.55,,216,252,Angiosperm,Aquifoliaceae,Ilex,laevigata
Ilex vomitoria,19,32,21,6.05,,384,252,Angiosperm,Aquifoliaceae,Ilex,vomitoria
Ilex vomitoria,27,30,14,8.59,,360,168,Angiosperm,Aquifoliaceae,Ilex,vomitoria
Aralia spinosa,23,74,16,7.32,,888,192,Angiosperm,Araliaceae,Aralia,spinosa
Pseudophoenix sargentii,26,25,8,8.28,,300,96,Angiosperm,Arecaceae,Pseudophoenix,sargentii
Cocos nucifera,60,93,27,19.1,,1116,324,Angiosperm,Arecaceae,Cocos,nucifera
Sabal mexicana,61,45,20,19.42,,540,240,Angiosperm,Arecaceae,Sabal,mexicana
Sabal mexicana,61,50,15,19.42,,600,180,Angiosperm,Arecaceae,Sabal,mexicana
Sabal palmetto,69,60,14,21.96,,720,168,Angiosperm,Arecaceae,Sabal,palmetto
Acoelorrhaphe wrightii,10,34,4,3.18,,408,48,Angiosperm,Arecaceae,Acoelorrhaphe,wrightii
Acoelorrhaphe wrightii,13,32,3,4.14,,384,36,Angiosperm,Arecaceae,Acoelorrhaphe,wrightii
Roystonea elata,50,99,18,15.92,,1188,216,Angiosperm,Arecaceae,Roystonea,elata
Serenoa repens,22,20,13,7,,240,156,Angiosperm,Arecaceae,Serenoa,repens
Serenoa repens,27,21,8,8.59,,252,96,Angiosperm,Arecaceae,Serenoa,repens
Coccothrinax argentata,19,29,6,6.05,,348,72,Angiosperm,Arecaceae,Coccothrinax,argentata
Coccothrinax argentata,21,25,7,6.68,,300,84,Angiosperm,Arecaceae,Coccothrinax,argentata
Thrinax radiata,17,28,2,5.41,,336,24,Angiosperm,Arecaceae,Thrinax,radiata
Thrinax morrisii,19,19,9,6.05,,228,108,Angiosperm,Arecaceae,Thrinax,morrisii
Washingtonia filifera,120,83,21,38.2,,996,252,Angiosperm,Arecaceae,Washingtonia,filifera
Washingtonia filifera,121,83,21,38.52,,996,252,Angiosperm,Arecaceae,Washingtonia,filifera
Washingtonia filifera,141,66,18,44.88,,792,216,Angiosperm,Arecaceae,Washingtonia,filifera
Yucca brevifolia,155,46,38,49.34,,552,456,Angiosperm,Asparagaceae,Yucca,brevifolia
Nolina bigelovii,125,13,8,39.79,,156,96,Angiosperm,Asparagaceae,Nolina,bigelovii
Yucca aloifolia,18,14,4,5.73,,168,48,Angiosperm,Asparagaceae,Yucca,aloifolia
Yucca rostrata,48,16,9,15.28,,192,108,Angiosperm,Asparagaceae,Yucca,rostrata
Yucca carnerosana,51,25,10,16.23,,300,120,Angiosperm,Asparagaceae,Yucca,carnerosana
Yucca faxoniana,91,18,9,28.97,,216,108,Angiosperm,Asparagaceae,Yucca,faxoniana
Yucca schidigera,66,24,7,21.01,,288,84,Angiosperm,Asparagaceae,Yucca,schidigera
Yucca gloriosa,106,33,31,33.74,,396,372,Angiosperm,Asparagaceae,Yucca,gloriosa
Yucca schottii,43,15,12,13.69,,180,144,Angiosperm,Asparagaceae,Yucca,schottii
Yucca elata,60,26,12,19.1,,312,144,Angiosperm,Asparagaceae,Yucca,elata
Yucca torreyi,86,23,6,27.37,,276,72,Angiosperm,Asparagaceae,Yucca,torreyi
Yucca treculeana,24,30,9,7.64,,360,108,Angiosperm,Asparagaceae,Yucca,treculeana
Baccharis halimifolia,14,21,19,4.46,,252,228,Angiosperm,Asteraceae,Baccharis,halimifolia
Artemisia tridentata,20,13,17,6.37,,156,204,Angiosperm,Asteraceae,Artemisia,tridentata
Artemisia tridentata,17,17,16,5.41,,204,192,Angiosperm,Asteraceae,Artemisia,tridentata
Alnus rhombifolia,149,92,40,47.43,,1104,480,Angiosperm,Betulaceae,Alnus,rhombifolia
Alnus rugosa,38,66,56,12.1,,792,672,Angiosperm,Betulaceae,Alnus,rugosa
Alnus sinuata,33,30,39,10.5,,360,468,Angiosperm,Betulaceae,Alnus,sinuata
Alnus maritima,15,24,12,4.77,,288,144,Angiosperm,Betulaceae,Alnus,maritima
Alnus rubra,245,104,49,77.99,,1248,588,Angiosperm,Betulaceae,Alnus,rubra
Alnus tenuifolia,94,71,39,29.92,,852,468,Angiosperm,Betulaceae,Alnus,tenuifolia
Alnus serrulata,26,42,22,8.28,,504,264,Angiosperm,Betulaceae,Alnus,serrulata
Alnus serrulata,30,42,24,9.55,,504,288,Angiosperm,Betulaceae,Alnus,serrulata
Alnus serrulata,26,47,24,8.28,,564,288,Angiosperm,Betulaceae,Alnus,serrulata
Alnus glutinosa,108,70,41,34.38,,840,492,Angiosperm,Betulaceae,Alnus,glutinosa
Alnus oblongifolia,199,129,50,63.34,,1548,600,Angiosperm,Betulaceae,Alnus,oblongifolia
Betula alleghaniensis,252,76,91,80.21,,912,1092,Angiosperm,Betulaceae,Betula,alleghaniensis
Betula papyrifera var. commutata,189,81,57,60.16,,972,684,Angiosperm,Betulaceae,Betula,papyrifera
Betula occidentalis,111,53,42,35.33,,636,504,Angiosperm,Betulaceae,Betula,occidentalis
Betula lenta,182,78,80,57.93,,936,960,Angiosperm,Betulaceae,Betula,lenta
Betula uber,28,49,15,8.91,,588,180,Angiosperm,Betulaceae,Betula,uber
Betula nigra,208,105,112,66.21,,1260,1344,Angiosperm,Betulaceae,Betula,nigra
Betula papyrifera var. papyrifera,222,107,76,70.66,,1284,912,Angiosperm,Betulaceae,Betula,papyrifera
Betula papyrifera var. papyrifera,220,107,76,70.03,,1284,912,Angiosperm,Betulaceae,Betula,papyrifera
Betula papyrifera var. subcordata,46,66,30,14.64,,792,360,Angiosperm,Betulaceae,Betula,papyrifera
Betula papyrifera var. subcordata,46,65,32,14.64,,780,384,Angiosperm,Betulaceae,Betula,papyrifera
Betula papyrifera var. cordifolia,112,67,80,35.65,,804,960,Angiosperm,Betulaceae,Betula,papyrifera
Betula papyrifera var. kenaica,50,47,19,15.92,,564,228,Angiosperm,Betulaceae,Betula,papyrifera
Betula populifolia,59,80,32,18.78,,960,384,Angiosperm,Betulaceae,Betula,populifolia
Betula papyrifera var. neoalaskana,56,74,33,17.83,,888,396,Angiosperm,Betulaceae,Betula,papyrifera
Betula papyrifera var. neoalaskana,72,64,21,22.92,,768,252,Angiosperm,Betulaceae,Betula,papyrifera
Corylus americana,30,27,21,9.55,,324,252,Angiosperm,Betulaceae,Corylus,americana
Corylus cornuta var. californica,66,50,42,21.01,,600,504,Angiosperm,Betulaceae,Corylus,cornuta
Ostrya knowltonii,39,44,29,12.41,,528,348,Angiosperm,Betulaceae,Ostrya,knowltonii
Ostrya virginiana,115,74,111,36.61,,888,1332,Angiosperm,Betulaceae,Ostrya,virginiana
Ostrya chisosensis,28,32,24,8.91,,384,288,Angiosperm,Betulaceae,Ostrya,chisosensis
Carpinus caroliniana,119,75,68,37.88,,900,816,Angiosperm,Betulaceae,Carpinus,caroliniana
Catalpa bignonioides,261,84,72,83.08,,1008,864,Angiosperm,Bignoniaceae,Catalpa,bignonioides
Catalpa speciosa,264,86,79,84.03,,1032,948,Angiosperm,Bignoniaceae,Catalpa,speciosa
Catalpa speciosa,242,107,85,77.03,,1284,1020,Angiosperm,Bignoniaceae,Catalpa,speciosa
Chilopsis linearis,160,68,48,50.93,,816,576,Angiosperm,Bignoniaceae,Chilopsis,linearis
Cordia boissieri,74,25,33,23.55,,300,396,Angiosperm,Boraginaceae,Cordia,boissieri
Ehretia anacua,170,42,50,54.11,,504,600,Angiosperm,Boraginaceae,Ehretia,anacua
Cordia sebestena,27,24,19,8.59,,288,228,Angiosperm,Boraginaceae,Cordia,sebestena
Bourreria ovata,32,28,14,10.19,,336,168,Angiosperm,Boraginaceae,Bourreria,ovata
Bourreria radula,22,23,19,7,,276,228,Angiosperm,Boraginaceae,Bourreria,radula
Bursera microphylla,21,12,21,6.68,,144,252,Angiosperm,Burseraceae,Bursera,microphylla
Bursera microphylla,17,13,16,5.41,,156,192,Angiosperm,Burseraceae,Bursera,microphylla
Bursera simaruba,99,64,57,31.51,,768,684,Angiosperm,Burseraceae,Bursera,simaruba
Bursera simaruba,125,41,48,39.79,,492,576,Angiosperm,Burseraceae,Bursera,simaruba
Bursera simaruba,108,55,52,34.38,,660,624,Angiosperm,Burseraceae,Bursera,simaruba
Opuntia fulgida,32,21,15,10.19,,252,180,Angiosperm,Cactaceae,Opuntia,fulgida
Opuntia ficus-indica,36,14,16,11.46,,168,192,Angiosperm,Cactaceae,Opuntia,ficus-indica
Cereus giganteus,88,38,17,28.01,,456,204,Angiosperm,Cactaceae,Cereus,giganteus
Cereus giganteus,77,50,12,24.51,,600,144,Angiosperm,Cactaceae,Cereus,giganteus
Cereus giganteus,85,37,16,27.06,,444,192,Angiosperm,Cactaceae,Cereus,giganteus
Cereus giganteus,85,37,16,27.06,,444,192,Angiosperm,Cactaceae,Cereus,giganteus
Cereus giganteus,80,43,12,25.46,,516,144,Angiosperm,Cactaceae,Cereus,giganteus
Cereus giganteus,86,36,11,27.37,,432,132,Angiosperm,Cactaceae,Cereus,giganteus
Cereus robinii var. deeringii,11,23,2,3.5,,276,24,Angiosperm,Cactaceae,Cereus,robinii
Cereus robinii var. robinii,11,23,1,3.5,,276,12,Angiosperm,Cactaceae,Cereus,robinii
Cereus robinii var. robinii,12,17,2,3.82,,204,24,Angiosperm,Cactaceae,Cereus,robinii
Canella winterana,25,30,19,7.96,,360,228,Angiosperm,Canellaceae,Canella,winterana
Celtis pallida,25,31,23,7.96,,372,276,Angiosperm,Cannabaceae,Celtis,pallida
Celtis pallida,31,22,24,9.87,,264,288,Angiosperm,Cannabaceae,Celtis,pallida
Celtis reticulata,180,69,75,57.3,,828,900,Angiosperm,Cannabaceae,Celtis,reticulata
Celtis lindheimeri,72,43,46,22.92,,516,552,Angiosperm,Cannabaceae,Celtis,lindheimeri
Celtis tenuifolia,19,35,24,6.05,,420,288,Angiosperm,Cannabaceae,Celtis,tenuifolia
Celtis tenuifolia,22,30,25,7,,360,300,Angiosperm,Cannabaceae,Celtis,tenuifolia
Celtis occidentalis,249,84,89,79.26,,1008,1068,Angiosperm,Cannabaceae,Celtis,occidentalis
Celtis laevigata,321,79,87,102.18,,948,1044,Angiosperm,Cannabaceae,Celtis,laevigata
Trema micrantha,18,39,30,5.73,,468,360,Angiosperm,Cannabaceae,Trema,micrantha
Capparis cynophallophora,25,15,20,7.96,,180,240,Angiosperm,Capparaceae,Capparis,cynophallophora
Carica papaya,27,17,11,8.59,,204,132,Angiosperm,Caricaceae,Carica,papaya
Casuarina equisetifolia,207,89,56,65.89,,1068,672,Angiosperm,Casuarinaceae,Casuarina,equisetifolia
Euonymus atropurpureus,61,41,38,19.42,,492,456,Angiosperm,Celastraceae,Euonymus,atropurpureus
Euonymus atropurpureus,60,45,33,19.1,,540,396,Angiosperm,Celastraceae,Euonymus,atropurpureus
Canotia holacantha,46,27,21,14.64,,324,252,Angiosperm,Celastraceae,Canotia,holacantha
Crossopetalum rhacoma,5,11,3,1.59,,132,36,Angiosperm,Celastraceae,Crossopetalum,rhacoma
Gyminda latifolia,10,19,13,3.18,,228,156,Angiosperm,Celastraceae,Gyminda,latifolia
Schaefferia frutescens,24,27,16,7.64,,324,192,Angiosperm,Celastraceae,Schaefferia,frutescens
Maytenus phyllanthoides,15,17,22,4.77,,204,264,Angiosperm,Celastraceae,Maytenus,phyllanthoides
Maytenus phyllanthoides,17,18,18,5.41,,216,216,Angiosperm,Celastraceae,Maytenus,phyllanthoides
Clethra acuminata,9,29,10,2.86,,348,120,Angiosperm,Clethraceae,Clethra,acuminata
Clethra acuminata,10,33,12,3.18,,396,144,Angiosperm,Clethraceae,Clethra,acuminata
Clusia rosea,25,40,37,7.96,,480,444,Angiosperm,Clusiaceae,Clusia,rosea
Bucida buceras,139,50,48,44.25,,600,576,Angiosperm,Combretaceae,Bucida,buceras
Conocarpus erectus,174,51,68,55.39,,612,816,Angiosperm,Combretaceae,Conocarpus,erectus
Terminalia catappa,135,61,71,42.97,,732,852,Angiosperm,Combretaceae,Terminalia,catappa
Cornus occidentalis,38,23,21,12.1,,276,252,Angiosperm,Cornaceae,Cornus,occidentalis
Cornus stricta,10,22,28,3.18,,264,336,Angiosperm,Cornaceae,Cornus,stricta
Cornus stricta,12,23,22,3.82,,276,264,Angiosperm,Cornaceae,Cornus,stricta
Cornus stricta,12,19,22,3.82,,228,264,Angiosperm,Cornaceae,Cornus,stricta
Cornus stricta,10,23,24,3.18,,276,288,Angiosperm,Cornaceae,Cornus,stricta
Cornus alternifolia,24,36,20,7.64,,432,240,Angiosperm,Cornaceae,Cornus,alternifolia
Cornus alternifolia,16,42,16,5.09,,504,192,Angiosperm,Cornaceae,Cornus,alternifolia
Cornus alternifolia,28,28,16,8.91,,336,192,Angiosperm,Cornaceae,Cornus,alternifolia
Cornus rugosa,11,40,16,3.5,,480,192,Angiosperm,Cornaceae,Cornus,rugosa
Cornus drummondii,40,22,33,12.73,,264,396,Angiosperm,Cornaceae,Cornus,drummondii
Cornus stolonifera,13,26,15,4.14,,312,180,Angiosperm,Cornaceae,Cornus,stolonifera
Cornus nuttallii,169,60,58,53.79,,720,696,Angiosperm,Cornaceae,Cornus,nuttallii
Cornus racemosa,18,38,24,5.73,,456,288,Angiosperm,Cornaceae,Cornus,racemosa
Cornus florida,110,33,42,35.01,,396,504,Angiosperm,Cornaceae,Cornus,florida
Cornus florida,114,31,48,36.29,,372,576,Angiosperm,Cornaceae,Cornus,florida
Cornus sessilis,20,18,16,6.37,,216,192,Angiosperm,Cornaceae,Cornus,sessilis
Cornus alternifolia,41,49,27,13.05,,588,324,Angiosperm,Cornaceae,Cornus,alternifolia
nyssa sylvatica,232,110,81,73.85,,1320,972,Angiosperm,Cornaceae,Nyssa,sylvatica
Nyssa ogeche,166,93,41,52.84,,1116,492,Angiosperm,Cornaceae,Nyssa,ogeche
Nyssa ogeche,174,81,48,55.39,,972,576,Angiosperm,Cornaceae,Nyssa,ogeche
Nyssa sylvatica var. biflora,238,102,57,75.76,,1224,684,Angiosperm,Cornaceae,Nyssa,sylvatica
Nyssa aquatica,336,105,56,106.95,,1260,672,Angiosperm,Cornaceae,Nyssa,aquatica
Chamaecyparis nootkatensis,451,124,27,143.56,,1488,324,Gymnosperm,Cupressaceae,Chamaecyparis,nootkatensis
Thuja orientalis,74,65,24,23.55,,780,288,Gymnosperm,Cupressaceae,Thuja,orientalis
Taxodium mucronatum,268,85,87,85.31,,1020,1044,Gymnosperm,Cupressaceae,Taxodium,mucronatum
Taxodium distichum,644,83,85,204.99,,996,1020,Gymnosperm,Cupressaceae,Taxodium,distichum
Cupressus guadalupensis v.forbesii,93,71,48,29.6,,852,576,Gymnosperm,Cupressaceae,Cupressus,guadalupensis
Cupressus sargentii,244,58,64,77.67,,696,768,Gymnosperm,Cupressaceae,Cupressus,sargentii
Cupressus arizonica var. nevadensis,119,40,38,37.88,,480,456,Gymnosperm,Cupressaceae,Cupressus,arizonica
Cupressus arizonica var. nevadensis,115,45,30,36.61,,540,360,Gymnosperm,Cupressaceae,Cupressus,arizonica
Cupressus macrocarpa,537,102,116,170.93,,1224,1392,Gymnosperm,Cupressaceae,Cupressus,macrocarpa
Cupressus goveniana var. pigmaea,267,142,40,84.99,,1704,480,Gymnosperm,Cupressaceae,Cupressus,goveniana
Cupressus macnabiana,155,55,45,49.34,,660,540,Gymnosperm,Cupressaceae,Cupressus,macnabiana
Cupressus goveniana var. goveniana,66,40,52,21.01,,480,624,Gymnosperm,Cupressaceae,Cupressus,goveniana
Cupressus arizonica v. stephensonii,70,37,28,22.28,,444,336,Gymnosperm,Cupressaceae,Cupressus,arizonica
Cupressus bakeri,129,129,29,41.06,,1548,348,Gymnosperm,Cupressaceae,Cupressus,bakeri
Cupressus arizonica var. glabra,196,70,40,62.39,,840,480,Gymnosperm,Cupressaceae,Cupressus,arizonica
Cupressus arizonica var. arizonica,240,93,48,76.39,,1116,576,Gymnosperm,Cupressaceae,Cupressus,arizonica
Callitris hugelii,180,60,50,57.3,,720,600,Gymnosperm,Cupressaceae,Callitris,hugelii
Libocedrus decurrens,462,152,49,147.06,,1824,588,Gymnosperm,Cupressaceae,Libocedrus,decurrens
Juniperus occidentalis,480,86,58,152.79,,1032,696,Gymnosperm,Cupressaceae,Juniperus,occidentalis
Juniperus osteosperma,268,38,46,85.31,,456,552,Gymnosperm,Cupressaceae,Juniperus,osteosperma
Juniperus scopulorum,247,40,21,78.62,,480,252,Gymnosperm,Cupressaceae,Juniperus,scopulorum
Juniperus erythrocarpa,119,28,33,37.88,,336,396,Gymnosperm,Cupressaceae,Juniperus,erythrocarpa
Juniperus pinchotii,142,23,27,45.2,,276,324,Gymnosperm,Cupressaceae,Juniperus,pinchotii
Juniperus monosperma,168,29,28,53.48,,348,336,Gymnosperm,Cupressaceae,Juniperus,monosperma
Juniperus flaccida,102,55,35,32.47,,660,420,Gymnosperm,Cupressaceae,Juniperus,flaccida
Juniperus communis,37,46,28,11.78,,552,336,Gymnosperm,Cupressaceae,Juniperus,communis
Juniperus californica,94,33,40,29.92,,396,480,Gymnosperm,Cupressaceae,Juniperus,californica
Juniperus ashei,138,57,48,43.93,,684,576,Gymnosperm,Cupressaceae,Juniperus,ashei
Juniperus deppeana,308,57,76,98.04,,684,912,Gymnosperm,Cupressaceae,Juniperus,deppeana
Juniperus deppeana,328,46,49,104.41,,552,588,Gymnosperm,Cupressaceae,Juniperus,deppeana
Chamaecyparis lawsoniana,451,219,39,143.56,,2628,468,Gymnosperm,Cupressaceae,Chamaecyparis,lawsoniana
Juniperus virginiana,242,57,69,77.03,,684,828,Gymnosperm,Cupressaceae,Juniperus,virginiana
Juniperus silicicola,195,75,52,62.07,,900,624,Gymnosperm,Cupressaceae,Juniperus,silicicola
Thuja plicata,732,178,54,233,,2136,648,Gymnosperm,Cupressaceae,Thuja,plicata
Thuja plicata,761,159,45,242.23,,1908,540,Gymnosperm,Cupressaceae,Thuja,plicata
Sequoia sempervirens,867,313,101,275.97,,3756,1212,Gymnosperm,Cupressaceae,Sequoia,sempervirens
Sequoia sempervirens,893,307,97,284.25,,3684,1164,Gymnosperm,Cupressaceae,Sequoia,sempervirens
Sequoia sempervirens,950,321,80,302.39,,3852,960,Gymnosperm,Cupressaceae,Sequoia,sempervirens
Sequoiadendron giganteum,1024,261,108,325.95,,3132,1296,Gymnosperm,Cupressaceae,Sequoiadendron,giganteum
Chamaecyparis thyoides,186,88,42,59.21,,1056,504,Gymnosperm,Cupressaceae,Chamaecyparis,thyoides
Thuja occidentalis,216,113,42,68.75,,1356,504,Gymnosperm,Cupressaceae,Thuja,occidentalis
Cliftonia monophylla,49,57,38,15.6,,684,456,Angiosperm,Cyrillaceae,Cliftonia,monophylla
Cyrilla racemiflora v. racemiflora,51,44,30,16.23,,528,360,Angiosperm,Cyrillaceae,Cyrilla,racemiflora
Cyrilla racemiflora var. parvifolia,33,21,26,10.5,,252,312,Angiosperm,Cyrillaceae,Cyrilla,racemiflora
Diospyros virginiana,88,132,30,28.01,,1584,360,Angiosperm,Ebenaceae,Diospyros,virginiana
Diospyros texana,68,26,32,21.65,,312,384,Angiosperm,Ebenaceae,Diospyros,texana
Diospyros virginiana,85,132,37,27.06,,1584,444,Angiosperm,Ebenaceae,Diospyros,virginiana
Diospyros virginiana,95,120,40,30.24,,1440,480,Angiosperm,Ebenaceae,Diospyros,virginiana
Diospyros virginiana,96,121,42,30.56,,1452,504,Angiosperm,Ebenaceae,Diospyros,virginiana
Diospyros virginiana,91,121,42,28.97,,1452,504,Angiosperm,Ebenaceae,Diospyros,virginiana
Diospyros virginiana,136,66,85,43.29,,792,1020,Angiosperm,Ebenaceae,Diospyros,virginiana
Shepherdia argentea,78,22,20,24.83,,264,240,Angiosperm,Elaeagnaceae,Shepherdia,argentea
Elaeagnus angustiflolia,163,53,58,51.88,,636,696,Angiosperm,Elaeagnaceae,Elaeagnus,angustifolia
Elliottia racemosa,34,43,20,10.82,,516,240,Angiosperm,Ericaceae,Elliottia,racemosa
Lyonia ferruginea,35,45,30,11.14,,540,360,Angiosperm,Ericaceae,Lyonia,ferruginea
Arbutus texana,175,26,50,55.7,,312,600,Angiosperm,Ericaceae,Arbutus,texana
Arbutus menziesii,168,100,30,53.48,,1200,360,Angiosperm,Ericaceae,Arbutus,menziesii
Arbutus arizonica,176,42,46,56.02,,504,552,Angiosperm,Ericaceae,Arbutus,arizonica
Arctostaphylos viscida,91,24,24,28.97,,288,288,Angiosperm,Ericaceae,Arctostaphylos,viscida
Arctostaphylos pringlei,37,18,14,11.78,,216,168,Angiosperm,Ericaceae,Arctostaphylos,pringlei
Arctostaphylos glauca,46,43,22,14.64,,516,264,Angiosperm,Ericaceae,Arctostaphylos,glauca
Arctostaphylos glauca,52,33,43,16.55,,396,516,Angiosperm,Ericaceae,Arctostaphylos,glauca
Arctostaphylos manzanita,92,22,32,29.28,,264,384,Angiosperm,Ericaceae,Arctostaphylos,manzanita
Kalmia latifolia,56,20,19,17.83,,240,228,Angiosperm,Ericaceae,Kalmia,latifolia
Rhododendron catawbiense,17,15,12,5.41,,180,144,Angiosperm,Ericaceae,Rhododendron,catawbiense
Rhododendron catawbiense,10,26,11,3.18,,312,132,Angiosperm,Ericaceae,Rhododendron,catawbiense
Rhododendron catawbiense,17,19,17,5.41,,228,204,Angiosperm,Ericaceae,Rhododendron,catawbiense
Rhododendron macrophyllum,20,33,20,6.37,,396,240,Angiosperm,Ericaceae,Rhododendron,macrophyllum
Rhododendron maximum,28,37,27,8.91,,444,324,Angiosperm,Ericaceae,Rhododendron,maximum
Oxydendrum arboreum,132,95,70,42.02,,1140,840,Angiosperm,Ericaceae,Oxydendrum,arboreum
Vaccinium arboreum,52,29,45,16.55,,348,540,Angiosperm,Ericaceae,Vaccinium,arboreum
Vaccinium arboreum,33,47,30,10.5,,564,360,Angiosperm,Ericaceae,Vaccinium,arboreum
Vaccinium arboreum,58,24,33,18.46,,288,396,Angiosperm,Ericaceae,Vaccinium,arboreum
Hippomane mancinella,56,46,51,17.83,,552,612,Angiosperm,Euphorbiaceae,Hippomane,mancinella
Gymnanthes lucida,15,24,11,4.77,,288,132,Angiosperm,Euphorbiaceae,Gymnanthes,lucida
Sapium biloculare,9,13,18,2.86,,156,216,Angiosperm,Euphorbiaceae,Sapium,biloculare
Sapium sebiferum,137,68,68,43.61,,816,816,Angiosperm,Euphorbiaceae,Sapium,sebiferum
Acacia rigidula,16,26,29,5.09,3.14,312,348,Angiosperm,Fabaceae,Acacia,rigidula
Pithecellobium guadalupense,9,19,16,2.86,,228,192,Angiosperm,Fabaceae,Pithecellobium,guadalupense
Pithecellobium guadalupense,11,16,16,3.5,,192,192,Angiosperm,Fabaceae,Pithecellobium,guadalupense
Pithecellobium flexicaule,173,53,60,55.07,,636,720,Angiosperm,Fabaceae,Pithecellobium,flexicaule
Caesalpinia mexicana,25,27,19,7.96,,324,228,Angiosperm,Fabaceae,Caesalpinia,mexicana
Acacia wrightii,72,36,42,22.92,,432,504,Angiosperm,Fabaceae,Acacia,wrightii
Acacia roemeriana,54,24,24,17.19,,288,288,Angiosperm,Fabaceae,Acacia,roemeriana
Acacia greggii,77,49,46,24.51,,588,552,Angiosperm,Fabaceae,Acacia,greggii
Acacia choriophylla,14,20,24,4.46,,240,288,Angiosperm,Fabaceae,Acacia,choriophylla
Gymnocladus dioicus,202,92,77,64.3,,1104,924,Angiosperm,Fabaceae,Gymnocladus,dioicus
Erythrina flabellifomis,11,15,12,3.5,,180,144,Angiosperm,Fabaceae,Erythrina,flabelliformis
Erythrina herbacea,40,32,30,12.73,,384,360,Angiosperm,Fabaceae,Erythrina,herbacea
Piscidia piscipula,101,41,48,32.15,,492,576,Angiosperm,Fabaceae,Piscidia,piscipula
Caesalpinia pulcherrima,20,12,15,6.37,,144,180,Angiosperm,Fabaceae,Caesalpinia,pulcherrima
Caesalpinia pulcherrima,16,16,14,5.09,,192,168,Angiosperm,Fabaceae,Caesalpinia,pulcherrima
Acacia berlandieri,18,15,12,5.73,,180,144,Angiosperm,Fabaceae,Acacia,berlandieri
Gleditsia triacanthos,226,100,88,71.94,,1200,1056,Angiosperm,Fabaceae,Gleditsia,triacanthos
Pithecellobium pallens,18,41,27,5.73,,492,324,Angiosperm,Fabaceae,Pithecellobium,pallens
Acacia farnesiana,161,30,46,51.25,,360,552,Angiosperm,Fabaceae,Acacia,farnesiana
Acacia tortuosa,9,14,21,2.86,,168,252,Angiosperm,Fabaceae,Acacia,tortuosa
Parkinsonia aculeata,78,37,54,24.83,,444,648,Angiosperm,Fabaceae,Parkinsonia,aculeata
Eysenhardtia polystachya,49,21,25,15.6,,252,300,Angiosperm,Fabaceae,Eysenhardtia,polystachya
Albizia lebbeck,257,65,95,81.81,,780,1140,Angiosperm,Fabaceae,Albizia,lebbeck
Leucaena retusa,33,21,26,10.5,,252,312,Angiosperm,Fabaceae,Leucaena,retusa
Leucaena pulverulenta,33,27,26,10.5,,324,312,Angiosperm,Fabaceae,Leucaena,pulverulenta
Robinia neomexicana,90,71,28,28.65,,852,336,Angiosperm,Fabaceae,Robinia,neomexicana
Robinia viscosa,19,35,21,6.05,,420,252,Angiosperm,Fabaceae,Robinia,viscosa
Robinia pseudoacacia,312,94,68,99.31,,1128,816,Angiosperm,Fabaceae,Robinia,pseudoacacia
Lysiloma microphyllum,54,33,39,17.19,,396,468,Angiosperm,Fabaceae,Lysiloma,microphyllum
Lysiloma latisiliquum,101,50,59,32.15,,600,708,Angiosperm,Fabaceae,Lysiloma,latisiliquum
Prosopis glandulosa var. torreyana,99,28,76,31.51,,336,912,Angiosperm,Fabaceae,Prosopis,glandulosa
Prosopis velutina,196,46,60,62.39,,552,720,Angiosperm,Fabaceae,Prosopis,velutina
Prosopis pubescens,48,27,37,15.28,,324,444,Angiosperm,Fabaceae,Prosopis,pubescens
Prosopis glandulosa var. glandulosa,172,55,89,54.75,,660,1068,Angiosperm,Fabaceae,Prosopis,glandulosa
Cercidium microphyllum,34,28,37,10.82,,336,444,Angiosperm,Fabaceae,Cercidium,microphyllum
Cercidium texanum,37,34,34,11.78,,408,408,Angiosperm,Fabaceae,Cercidium,texanum
Cercidium floridum,86,53,42,27.37,,636,504,Angiosperm,Fabaceae,Cercidium,floridum
Delonix regia,102,61,57,32.47,,732,684,Angiosperm,Fabaceae,Delonix,regia
Cercis occidentalis,71,45,38,22.6,,540,456,Angiosperm,Fabaceae,Cercis,occidentalis
Cercis canadensis var. canadensis,138,32,40,43.93,,384,480,Angiosperm,Fabaceae,Cercis,canadensis
Cercis canadensis var. texensis,72,30,33,22.92,,360,396,Angiosperm,Fabaceae,Cercis,canadensis
Albizia julibrissin,179,56,74,56.98,,672,888,Angiosperm,Fabaceae,Albizia,julibrissin
Dalea spinosa,48,17,12,15.28,,204,144,Angiosperm,Fabaceae,Dalea,spinosa
Sophora secundiflora,68,27,27,21.65,,324,324,Angiosperm,Fabaceae,Sophora,secundiflora
Sophora affinis,60,33,30,19.1,,396,360,Angiosperm,Fabaceae,Sophora,affinis
Sophora affinis,63,32,36,20.05,,384,432,Angiosperm,Fabaceae,Sophora,affinis
Tamarindus indica,167,75,84,53.16,,900,1008,Angiosperm,Fabaceae,Tamarindus,indica
Olneya tesota,170,45,43,54.11,,540,516,Angiosperm,Fabaceae,Olneya,tesota
Gleditsia aquatica,103,93,45,32.79,,1116,540,Angiosperm,Fabaceae,Gleditsia,aquatica
Gleditsia aquatica,110,74,73,35.01,,888,876,Angiosperm,Fabaceae,Gleditsia,aquatica
Cladrastis kentukea,256,61,63,81.49,,732,756,Angiosperm,Fabaceae,Cladrastis,kentukea
Fagus grandifolia,279,115,138,88.81,,1380,1656,Angiosperm,Fagaceae,Fagus,grandifolia
Castanea dentata,247,86,111,78.62,,1032,1332,Angiosperm,Fagaceae,Castanea,dentata
Castanea dentata,235,106,101,74.8,,1272,1212,Angiosperm,Fagaceae,Castanea,dentata
Castanea ozarkensis,54,60,38,17.19,,720,456,Angiosperm,Fagaceae,Castanea,ozarkensis
Castanopsis chrysophylla,153,122,37,48.7,,1464,444,Angiosperm,Fagaceae,Castanopsis,chrysophylla
Castanea pumila,85,55,60,27.06,,660,720,Angiosperm,Fagaceae,Castanea,pumila
Quercus phellos,259,138,116,82.44,,1656,1392,Angiosperm,Fagaceae,Quercus,phellos
Quercus alba,382,96,119,121.59,,1152,1428,Angiosperm,Fagaceae,Quercus,alba
Quercus nigra L.,286,118,108,91.04,,1416,1296,Angiosperm,Fagaceae,Quercus,nigra
Quercus nigra,278,120,111,88.49,,1440,1332,Angiosperm,Fagaceae,Quercus,nigra
Quercus pungens var. vaseyana,61,39,32,19.42,,468,384,Angiosperm,Fagaceae,Quercus,pungens
Quercus pungens var. vaseyana,45,48,40,14.32,,576,480,Angiosperm,Fagaceae,Quercus,pungens
Quercus lobata,348,163,99,110.77,,1956,1188,Angiosperm,Fagaceae,Quercus,lobata
Quercus laevis,127,72,75,40.43,,864,900,Angiosperm,Fagaceae,Quercus,laevis
Quercus turbinella var. turbinella,160,43,49,50.93,,516,588,Angiosperm,Fagaceae,Quercus,turbinella
Quercus toumeyi,68,27,33,21.65,,324,396,Angiosperm,Fagaceae,Quercus,toumeyi
Quercus virginiana var. fusiformis,295,42,98,93.9,,504,1176,Angiosperm,Fagaceae,Quercus,virginiana
Quercus shumardii var. texana,108,60,59,34.38,,720,708,Angiosperm,Fagaceae,Quercus,shumardii
Quercus bicolor,300,68,49,95.49,,816,588,Angiosperm,Fagaceae,Quercus,bicolor
Quercus bicolor,282,75,107,89.76,,900,1284,Angiosperm,Fagaceae,Quercus,bicolor
Quercus michauxii,197,156,148,62.71,,1872,1776,Angiosperm,Fagaceae,Quercus,michauxii
Quercus falcata var. falcata,312,150,156,99.31,,1800,1872,Angiosperm,Fagaceae,Quercus,falcata
Quercus hypoleucoides,158,85,52,50.29,,1020,624,Angiosperm,Fagaceae,Quercus,hypoleucoides
Quercus shumardii var. shumardii,214,147,88,68.12,,1764,1056,Angiosperm,Fagaceae,Quercus,shumardii
Quercus imbricaria,208,105,62,66.21,,1260,744,Angiosperm,Fagaceae,Quercus,imbricaria
Quercus coccinea,248,120,93,78.94,,1440,1116,Angiosperm,Fagaceae,Quercus,coccinea
Quercus stellata var. margaretta,157,87,92,49.97,,1044,1104,Angiosperm,Fagaceae,Quercus,stellata
Quercus virginiana var. geminata,181,94,100,57.61,,1128,1200,Angiosperm,Fagaceae,Quercus,virginiana
Quercus virginiana var. geminata,189,81,106,60.16,,972,1272,Angiosperm,Fagaceae,Quercus,virginiana
Quercus stellata var. stellata,236,85,88,75.12,,1020,1056,Angiosperm,Fagaceae,Quercus,stellata
Quercus stellata var. stellata,237,84,88,75.44,,1008,1056,Angiosperm,Fagaceae,Quercus,stellata
Quercus palustris,240,134,88,76.39,,1608,1056,Angiosperm,Fagaceae,Quercus,palustris
Quercus lyrata,258,156,120,82.12,,1872,1440,Angiosperm,Fagaceae,Quercus,lyrata
Quercus garryana,272,98,72,86.58,,1176,864,Angiosperm,Fagaceae,Quercus,garryana
Quercus oglethorpensis,120,79,82,38.2,,948,984,Angiosperm,Fagaceae,Quercus,oglethorpensis
Quercus nuttallii,260,110,96,82.76,,1320,1152,Angiosperm,Fagaceae,Quercus,nuttallii
Quercus nuttallii,258,115,85,82.12,,1380,1020,Angiosperm,Fagaceae,Quercus,nuttallii
Quercus rubra,405,80,102,128.92,,960,1224,Angiosperm,Fagaceae,Quercus,rubra
Quercus ellipsoidalis,184,128,92,58.57,,1536,1104,Angiosperm,Fagaceae,Quercus,ellipsoidalis
Quercus rugosa,88,47,36,28.01,,564,432,Angiosperm,Fagaceae,Quercus,rugosa
Quercus mohriana,37,18,20,11.78,,216,240,Angiosperm,Fagaceae,Quercus,mohriana
Quercus oblongifolia,120,65,69,38.2,,780,828,Angiosperm,Fagaceae,Quercus,oblongifolia
Quercus virginiana,439,55,132,139.74,,660,1584,Angiosperm,Fagaceae,Quercus,virginiana
Quercus virginiana,411,77,140,130.83,,924,1680,Angiosperm,Fagaceae,Quercus,virginiana
Quercus laurifolia,257,82,106,81.81,,984,1272,Angiosperm,Fagaceae,Quercus,laurifolia
Quercus laurifolia,258,80,114,82.12,,960,1368,Angiosperm,Fagaceae,Quercus,laurifolia
Quercus glaucoides,107,58,96,34.06,,696,1152,Angiosperm,Fagaceae,Quercus,glaucoides
Quercus wislizeni,252,51,73,80.21,,612,876,Angiosperm,Fagaceae,Quercus,wislizeni
Quercus havardii,40,30,23,12.73,,360,276,Angiosperm,Fagaceae,Quercus,havardii
Quercus grisea,237,55,37,75.44,,660,444,Angiosperm,Fagaceae,Quercus,grisea
Quercus gravesii,145,51,41,46.15,,612,492,Angiosperm,Fagaceae,Quercus,gravesii
Quercus gravesii,154,42,40,49.02,,504,480,Angiosperm,Fagaceae,Quercus,gravesii
Quercus georgiana,73,75,63,23.24,,900,756,Angiosperm,Fagaceae,Quercus,georgiana
Quercus gambelii,216,47,85,68.75,,564,1020,Angiosperm,Fagaceae,Quercus,gambelii
Quercus robur,192,104,89,61.12,,1248,1068,Angiosperm,Fagaceae,Quercus,robur
Quercus engelmannii,143,78,106,45.52,,936,1272,Angiosperm,Fagaceae,Quercus,engelmannii
Quercus emoryi,222,81,72,70.66,,972,864,Angiosperm,Fagaceae,Quercus,emoryi
Quercus prinoides,39,25,20,12.41,,300,240,Angiosperm,Fagaceae,Quercus,prinoides
Quercus durandii var. durandii,189,95,106,60.16,,1140,1272,Angiosperm,Fagaceae,Quercus,durandii
Quercus dunnii,85,35,40,27.06,,420,480,Angiosperm,Fagaceae,Quercus,dunnii
Quercus dunnii,83,37,36,26.42,,444,432,Angiosperm,Fagaceae,Quercus,dunnii
Quercus hemisphaerica,234,96,95,74.48,,1152,1140,Angiosperm,Fagaceae,Quercus,hemisphaerica
Quercus agrifolia,338,58,75,107.59,,696,900,Angiosperm,Fagaceae,Quercus,agrifolia
Quercus graciliformis,65,66,36,20.69,,792,432,Angiosperm,Fagaceae,Quercus,graciliformis
Quercus muehlenbergii,258,110,92,82.12,,1320,1104,Angiosperm,Fagaceae,Quercus,muehlenbergii
Quercus prinus,221,144,78,70.35,,1728,936,Angiosperm,Fagaceae,Quercus,prinus
Quercus falcata var. pagodifolia,342,110,108,108.86,,1320,1296,Angiosperm,Fagaceae,Quercus,falcata
Quercus falcata var. pagodifolia,324,124,136,103.13,,1488,1632,Angiosperm,Fagaceae,Quercus,falcata
Quercus chapmanii,81,45,50,25.78,,540,600,Angiosperm,Fagaceae,Quercus,chapmanii
Quercus chrysolepis,345,69,121,109.82,,828,1452,Angiosperm,Fagaceae,Quercus,chrysolepis
Quercus kelloggii,338,124,115,107.59,,1488,1380,Angiosperm,Fagaceae,Quercus,kelloggii
Quercus macrocarpa,322,96,103,102.5,,1152,1236,Angiosperm,Fagaceae,Quercus,macrocarpa
Quercus incana,88,56,65,28.01,,672,780,Angiosperm,Fagaceae,Quercus,incana
Quercus douglasii,276,112,83,87.85,,1344,996,Angiosperm,Fagaceae,Quercus,douglasii
Quercus marilandica,144,94,65,45.84,,1128,780,Angiosperm,Fagaceae,Quercus,marilandica
Quercus velutina,332,108,116,105.68,,1296,1392,Angiosperm,Fagaceae,Quercus,velutina
Quercus durandii v. breviloba,111,54,38,35.33,,648,456,Angiosperm,Fagaceae,Quercus,durandii
Quercus ilicifolia,34,41,30,10.82,,492,360,Angiosperm,Fagaceae,Quercus,ilicifolia
Quercus arkansana,146,95,106,46.47,,1140,1272,Angiosperm,Fagaceae,Quercus,arkansana
Quercus arizonica,133,56,47,42.34,,672,564,Angiosperm,Fagaceae,Quercus,arizonica
Quercus turbinella var. ajoensis,82,35,40,26.1,,420,480,Angiosperm,Fagaceae,Quercus,turbinella
Lithocarpus densiflorus,275,144,59,87.54,,1728,708,Angiosperm,Fagaceae,Lithocarpus,densiflorus
Garrya elliptica,28,29,22,8.91,,348,264,Angiosperm,Garryaceae,Garrya,elliptica
Garrya wrightii,28,22,22,8.91,,264,264,Angiosperm,Garryaceae,Garrya,wrightii
Hamamelis virginiana,52,35,30,16.55,,420,360,Angiosperm,Hamamelidaceae,Hamamelis,virginiana
Juglans cinerea,259,78,76,82.44,,936,912,Angiosperm,Juglandaceae,Juglans,cinerea
Carya aquatica,190,148,49,60.48,,1776,588,Angiosperm,Juglandaceae,Carya,aquatica
Carya aquatica,228,101,85,72.57,,1212,1020,Angiosperm,Juglandaceae,Carya,aquatica
Carya laciniosa,167,139,80,53.16,,1668,960,Angiosperm,Juglandaceae,Carya,laciniosa
Carya ovata var. ovata,140,153,56,44.56,,1836,672,Angiosperm,Juglandaceae,Carya,ovata
Carya ovata var. ovata,144,132,109,45.84,,1584,1308,Angiosperm,Juglandaceae,Carya,ovata
Carya floridana,62,47,48,19.74,,564,576,Angiosperm,Juglandaceae,Carya,floridana
Carya pallida,143,94,86,45.52,,1128,1032,Angiosperm,Juglandaceae,Carya,pallida
Carya pallida,138,104,68,43.93,,1248,816,Angiosperm,Juglandaceae,Carya,pallida
Carya glabra var. odorata,154,153,79,49.02,,1836,948,Angiosperm,Juglandaceae,Carya,glabra
Carya glabra var. glabra,200,105,125,63.66,,1260,1500,Angiosperm,Juglandaceae,Carya,glabra
Carya myristiciformis,132,145,80,42.02,,1740,960,Angiosperm,Juglandaceae,Carya,myristiciformis
Carya ovata var. australis,94,150,65,29.92,,1800,780,Angiosperm,Juglandaceae,Carya,ovata
Carya texana,118,127,70,37.56,,1524,840,Angiosperm,Juglandaceae,Carya,texana
Carya cordiformis,182,120,100,57.93,,1440,1200,Angiosperm,Juglandaceae,Carya,cordiformis
Carya illinoensis,267,136,111,84.99,,1632,1332,Angiosperm,Juglandaceae,Carya,illinoinensis
Juglans major,215,73,88,68.44,,876,1056,Angiosperm,Juglandaceae,Juglans,major
Juglans nigra,278,130,140,88.49,,1560,1680,Angiosperm,Juglandaceae,Juglans,nigra
Juglans microcarpa,160,53,65,50.93,,636,780,Angiosperm,Juglandaceae,Juglans,microcarpa
Juglans microcarpa,160,50,80,50.93,,600,960,Angiosperm,Juglandaceae,Juglans,microcarpa
Juglans hindsii,290,115,106,92.31,,1380,1272,Angiosperm,Juglandaceae,Juglans,hindsii
Juglans californica,241,116,95,76.71,,1392,1140,Angiosperm,Juglandaceae,Juglans,californica
Koeberlinia spinosa,23,20,19,7.32,,240,228,Angiosperm,Koeberliniaceae,Koeberlinia,spinosa
Vitex agnus-castus,101,26,34,32.15,,312,408,Angiosperm,Lamiaceae,Vitex,agnus-castus
Persea americana,172,75,60,54.75,,900,720,Angiosperm,Lauraceae,Persea,americana
Umbellularia californica,546,108,118,173.8,,1296,1416,Angiosperm,Lauraceae,Umbellularia,californica
Cinnamomum camphora,422,67,103,134.33,,804,1236,Angiosperm,Lauraceae,Cinnamomum,camphora
Persea borbonia var. borbonia,152,77,52,48.38,,924,624,Angiosperm,Lauraceae,Persea,borbonia
Sassafras albidum,262,78,69,83.4,,936,828,Angiosperm,Lauraceae,Sassafras,albidum
Persea borbonia var. humilis,55,38,46,17.51,,456,552,Angiosperm,Lauraceae,Persea,borbonia
Lindera benzoin,12,32,24,3.82,,384,288,Angiosperm,Lauraceae,Lindera,benzoin
Lindera benzoin,14,26,19,4.46,,312,228,Angiosperm,Lauraceae,Lindera,benzoin
Persea borbonia var. pubescens,63,36,47,20.05,,432,564,Angiosperm,Lauraceae,Persea,borbonia
Magnolia tripetala,122,50,50,38.83,,600,600,Angiosperm,Magnoliaceae,Magnolia,tripetala
Magnolia grandiflora,268,98,90,85.31,,1176,1080,Angiosperm,Magnoliaceae,Magnolia,grandiflora
Magnolia pyramidata,46,84,30,14.64,,1008,360,Angiosperm,Magnoliaceae,Magnolia,pyramidata
Magnolia pyramidata,62,65,32,19.74,,780,384,Angiosperm,Magnoliaceae,Magnolia,pyramidata
Magnolia fraseri,118,121,33,37.56,,1452,396,Angiosperm,Magnoliaceae,Magnolia,fraseri
Magnolia acuminata,293,75,83,93.26,,900,996,Angiosperm,Magnoliaceae,Magnolia,acuminata
Magnolia macrophylla,51,80,34,16.23,,960,408,Angiosperm,Magnoliaceae,Magnolia,macrophylla
Magnolia macrophylla,50,86,28,15.92,,1032,336,Angiosperm,Magnoliaceae,Magnolia,macrophylla
Magnolia ashei,55,52,37,17.51,,624,444,Angiosperm,Magnoliaceae,Magnolia,ashei
Liriodendron tulipifera,374,111,125,119.05,,1332,1500,Angiosperm,Magnoliaceae,Liriodendron,tulipifera
Byrsonima lucida,31,35,17,9.87,,420,204,Angiosperm,Malpighiaceae,Byrsonima,lucida
Tilia heterophylla,223,116,57,70.98,,1392,684,Angiosperm,Malvaceae,Tilia,heterophylla
Tilia caroliniana,155,75,57,49.34,,900,684,Angiosperm,Malvaceae,Tilia,caroliniana
Tilia caroliniana,124,107,60,39.47,,1284,720,Angiosperm,Malvaceae,Tilia,caroliniana
Tilia americana,292,78,100,92.95,,936,1200,Angiosperm,Malvaceae,Tilia,americana
Fremontodrendron californicum,40,26,21,12.73,,312,252,Angiosperm,Malvaceae,Fremontodendron,californicum
Hibiscua syriacus,17,16,9,5.41,,192,108,Angiosperm,Malvaceae,Hibiscus,syriacus
Hibiscua syriacus,8,19,13,2.55,,228,156,Angiosperm,Malvaceae,Hibiscus,syriacus
Hibiscus tiliaceus,102,50,74,32.47,,600,888,Angiosperm,Malvaceae,Hibiscus,tiliaceus
Firmiana simplex,140,44,36,44.56,,528,432,Angiosperm,Malvaceae,Firmiana,simplex
Thespesia populnea,108,42,69,34.38,,504,828,Angiosperm,Malvaceae,Thespesia,populnea
Melia azedarach,222,75,96,70.66,,900,1152,Angiosperm,Meliaceae,Melia,azedarach
Swietenia mahagoni,175,79,96,55.7,,948,1152,Angiosperm,Meliaceae,Swietenia,mahagoni
Ficus citrifolia,248,41,57,78.94,,492,684,Angiosperm,Moraceae,Ficus,citrifolia
Ficus aurea,360,63,72,114.59,,756,864,Angiosperm,Moraceae,Ficus,aurea
Morus alba,292,59,73,92.95,,708,876,Angiosperm,Moraceae,Morus,alba
Morus microphylla,100,30,48,31.83,,360,576,Angiosperm,Moraceae,Morus,microphylla
Morus rubra,301,52,52,95.81,,624,624,Angiosperm,Moraceae,Morus,rubra
Morus nigra,252,78,76,80.21,,936,912,Angiosperm,Moraceae,Morus,nigra
Maclura pomifera,321,60,85,102.18,,720,1020,Angiosperm,Moraceae,Maclura,pomifera
Broussonetia papyrifera,157,75,55,49.97,,900,660,Angiosperm,Moraceae,Broussonetia,papyrifera
Myrica cerifera,68,26,32,21.65,,312,384,Angiosperm,Myricaceae,Myrica,cerifera
Myrica cerifera,72,25,36,22.92,,300,432,Angiosperm,Myricaceae,Myrica,cerifera
Myrica cerifera,76,20,38,24.19,,240,456,Angiosperm,Myricaceae,Myrica,cerifera
Myrica cerifera,68,28,33,21.65,,336,396,Angiosperm,Myricaceae,Myrica,cerifera
Myrica californica,46,38,35,14.64,,456,420,Angiosperm,Myricaceae,Myrica,californica
Myrica inodora,33,18,23,10.5,,216,276,Angiosperm,Myricaceae,Myrica,inodora
Myrica pensylvanica,10,13,10,3.18,,156,120,Angiosperm,Myricaceae,Myrica,pensylvanica
Melaleuca quinquenervia,231,62,28,73.53,,744,336,Angiosperm,Myrtaceae,Melaleuca,quinquenervia
Eucalyptus camaldulensis,342,130,105,108.86,,1560,1260,Angiosperm,Myrtaceae,Eucalyptus,camaldulensis
Eucalyptus globulus,586,141,126,186.53,,1692,1512,Angiosperm,Myrtaceae,Eucalyptus,globulus
Calyptranthes pallens,49,40,24,15.6,,480,288,Angiosperm,Myrtaceae,Calyptranthes,pallens
Calyptranthes zuzygium,9,22,4,2.86,,264,48,Angiosperm,Myrtaceae,Calyptranthes,zuzygium
Eugenia foetida,16,19,14,5.09,,228,168,Angiosperm,Myrtaceae,Eugenia,foetida
Eugenia foetida,11,24,8,3.5,,288,96,Angiosperm,Myrtaceae,Eugenia,foetida
Eugenia rhombea,19,23,14,6.05,,276,168,Angiosperm,Myrtaceae,Eugenia,rhombea
Eugenia confusa,60,46,26,19.1,,552,312,Angiosperm,Myrtaceae,Eugenia,confusa
Myrcianthes fragrans var. simpsonii,34,51,40,10.82,,612,480,Angiosperm,Myrtaceae,Myrcianthes,fragrans
Eugenia axillaris,15,28,9,4.77,,336,108,Angiosperm,Myrtaceae,Eugenia,axillaris
Eugenia axillaris,15,25,11,4.77,,300,132,Angiosperm,Myrtaceae,Eugenia,axillaris
Guapira discolor,64,34,22,20.37,,408,264,Angiosperm,Nyctaginaceae,Guapira,discolor
Pisonia rotundata,38,28,14,12.1,,336,168,Angiosperm,Nyctaginaceae,Pisonia,rotundata
Fraxinus americana,304,95,82,96.77,,1140,984,Angiosperm,Oleaceae,Fraxinus,americana
Fraxinus velutina,189,90,85,60.16,,1080,1020,Angiosperm,Oleaceae,Fraxinus,velutina
Fraxinus dipetala,35,34,28,11.14,,408,336,Angiosperm,Oleaceae,Fraxinus,dipetala
Fraxinus texensis,76,72,67,24.19,,864,804,Angiosperm,Oleaceae,Fraxinus,texensis
Fraxinus anomala var. anomala,52,31,15,16.55,,372,180,Angiosperm,Oleaceae,Fraxinus,anomala
Fraxinus profunda,180,133,93,57.3,,1596,1116,Angiosperm,Oleaceae,Fraxinus,profunda
Fraxinus latifolia,284,65,66,90.4,,780,792,Angiosperm,Oleaceae,Fraxinus,latifolia
Fraxinus anomala var. lowelii,28,28,9,8.91,,336,108,Angiosperm,Oleaceae,Fraxinus,anomala
Fraxinus pennsylvanica,259,95,95,82.44,,1140,1140,Angiosperm,Oleaceae,Fraxinus,pennsylvanica
Fraxinus caroliniana,56,71,45,17.83,,852,540,Angiosperm,Oleaceae,Fraxinus,caroliniana
Fraxinus gooddingii,25,30,22,7.96,,360,264,Angiosperm,Oleaceae,Fraxinus,gooddingii
Fraxinus nigra,157,99,82,49.97,,1188,984,Angiosperm,Oleaceae,Fraxinus,nigra
Fraxinus nigra,99,155,108,31.51,,1860,1296,Angiosperm,Oleaceae,Fraxinus,nigra
Fraxinus berlandierana,234,65,78,74.48,,780,936,Angiosperm,Oleaceae,Fraxinus,berlandieriana
Osmanthus americanus,37,42,30,11.78,,504,360,Angiosperm,Oleaceae,Osmanthus,americanus
Osmanthus americanus,36,46,27,11.46,,552,324,Angiosperm,Oleaceae,Osmanthus,americanus
Forestiera segregata,25,18,21,7.96,,216,252,Angiosperm,Oleaceae,Forestiera,segregata
Forestiera phillyreoides,10,17,17,3.18,,204,204,Angiosperm,Oleaceae,Forestiera,phillyreoides
Chionanthus virginicus,53,32,35,16.87,,384,420,Angiosperm,Oleaceae,Chionanthus,virginicus
Chionanthus virginicus,57,25,43,18.14,,300,516,Angiosperm,Oleaceae,Chionanthus,virginicus
Chionanthus virginicus,42,41,31,13.37,,492,372,Angiosperm,Oleaceae,Chionanthus,virginicus
Ligustrum ovalifolium,96,30,38,30.56,,360,456,Angiosperm,Oleaceae,Ligustrum,ovalifolium
Ligustrum sinense,107,62,65,34.06,,744,780,Angiosperm,Oleaceae,Ligustrum,sinense
Forestiera acuminata,100,41,49,31.83,,492,588,Angiosperm,Oleaceae,Forestiera,acuminata
Paulownia tomentosa,276,52,73,87.85,,624,876,Angiosperm,Paulowniaceae,Paulownia,tomentosa
Alvaradoa amorphoides,25,15,9,7.96,,180,108,Angiosperm,Picramniaceae,Alvaradoa,amorphoides
Pseudotsuga menziesii var. glauca,316,139,55,100.59,,1668,660,Gymnosperm,Pinaceae,Pseudotsuga,menziesii
Pseudotsuga menziesii var menziesii,505,281,71,160.75,,3372,852,Gymnosperm,Pinaceae,Pseudotsuga,menziesii
Pseudotsuga macrocarpa,264,145,85,84.03,,1740,1020,Gymnosperm,Pinaceae,Pseudotsuga,macrocarpa
Abies lasiocarpa var lasiocarpa,252,125,26,80.21,,1500,312,Gymnosperm,Pinaceae,Abies,lasiocarpa
Abies concolor var. concolor,227,94,48,72.26,,1128,576,Gymnosperm,Pinaceae,Abies,concolor
Abies amabilis,260,218,37,82.76,,2616,444,Gymnosperm,Pinaceae,Abies,amabilis
Abies procera,313,272,49,99.63,,3264,588,Gymnosperm,Pinaceae,Abies,procera
Abies procera,359,227,41,114.27,,2724,492,Gymnosperm,Pinaceae,Abies,procera
Abies grandis,245,257,36,77.99,,3084,432,Gymnosperm,Pinaceae,Abies,grandis
Abies fraseri,151,89,52,48.06,,1068,624,Gymnosperm,Pinaceae,Abies,fraseri
Abies lasiocarpa var. arizonica,157,95,33,49.97,,1140,396,Gymnosperm,Pinaceae,Abies,lasiocarpa
Abies concolor var. lowiana,276,217,39,87.85,,2604,468,Gymnosperm,Pinaceae,Abies,concolor
Abies magnifica,365,172,41,116.18,,2064,492,Gymnosperm,Pinaceae,Abies,magnifica
Abies balsamea,148,100,45,47.11,,1200,540,Gymnosperm,Pinaceae,Abies,balsamea
Tsuga heterophylla,316,202,47,100.59,,2424,564,Gymnosperm,Pinaceae,Tsuga,heterophylla
Tsuga heterophylla,270,241,67,85.94,,2892,804,Gymnosperm,Pinaceae,Tsuga,heterophylla
Tsuga heterophylla,341,174,65,108.54,,2088,780,Gymnosperm,Pinaceae,Tsuga,heterophylla
Tsuga mertensiana,234,152,41,74.48,,1824,492,Gymnosperm,Pinaceae,Tsuga,mertensiana
Tsuga mertensiana,277,113,44,88.17,,1356,528,Gymnosperm,Pinaceae,Tsuga,mertensiana
Tsuga canadensis,202,165,38,64.3,,1980,456,Gymnosperm,Pinaceae,Tsuga,canadensis
Tsuga caroliniana,161,99,50,51.25,,1188,600,Gymnosperm,Pinaceae,Tsuga,caroliniana
Larix occidentalis,230,189,35,73.21,,2268,420,Gymnosperm,Pinaceae,Larix,occidentalis
Larix occidentalis,264,153,34,84.03,,1836,408,Gymnosperm,Pinaceae,Larix,occidentalis
Larix lyallii,236,94,56,75.12,,1128,672,Gymnosperm,Pinaceae,Larix,lyallii
Larix decidua,183,92,72,58.25,,1104,864,Gymnosperm,Pinaceae,Larix,decidua
Pinus aristata var. aristata,138,72,33,43.93,,864,396,Gymnosperm,Pinaceae,Pinus,aristata
Pinus aristata var. aristata,132,76,39,42.02,,912,468,Gymnosperm,Pinaceae,Pinus,aristata
Pinus leiophylla var. chihuahuana,121,87,34,38.52,,1044,408,Gymnosperm,Pinaceae,Pinus,leiophylla
Pinus discolor,64,32,37,20.37,,384,444,Gymnosperm,Pinaceae,Pinus,discolor
Pinus contorta var. bolanderi,58,76,18,18.46,,912,216,Gymnosperm,Pinaceae,Pinus,contorta
Pinus muricata,172,112,40,54.75,,1344,480,Gymnosperm,Pinaceae,Pinus,muricata
Pinus nigra,129,114,49,41.06,,1368,588,Gymnosperm,Pinaceae,Pinus,nigra
Pinus ponderosa var. arizonica,153,127,57,48.7,,1524,684,Gymnosperm,Pinaceae,Pinus,ponderosa
Pinus engelmannii,121,112,38,38.52,,1344,456,Gymnosperm,Pinaceae,Pinus,engelmannii
Pinus engelmannii,127,108,44,40.43,,1296,528,Gymnosperm,Pinaceae,Pinus,engelmannii
Pinus coulteri,152,141,72,48.38,,1692,864,Gymnosperm,Pinaceae,Pinus,coulteri
Pinus sabiniana,176,120,77,56.02,,1440,924,Gymnosperm,Pinaceae,Pinus,sabiniana
Pinus strobus,200,150,53,63.66,,1800,636,Gymnosperm,Pinaceae,Pinus,strobus
Pinus balfouriana,316,76,34,100.59,,912,408,Gymnosperm,Pinaceae,Pinus,balfouriana
Pinus aristata var. longaeva,439,41,48,139.74,,492,576,Gymnosperm,Pinaceae,Pinus,aristata
Pinus banksiana,116,56,61,36.92,,672,732,Gymnosperm,Pinaceae,Pinus,banksiana
Pinus jeffreyi,306,202,79,97.4,,2424,948,Gymnosperm,Pinaceae,Pinus,jeffreyi
Pinus attenuata,135,117,66,42.97,,1404,792,Gymnosperm,Pinaceae,Pinus,attenuata
Pinus flexilis,275,58,46,87.54,,696,552,Gymnosperm,Pinaceae,Pinus,flexilis
Pinus taeda,186,167,67,59.21,,2004,804,Gymnosperm,Pinaceae,Pinus,taeda
Pinus contorta var. latifolia,132,155,32,42.02,,1860,384,Gymnosperm,Pinaceae,Pinus,contorta
Pinus palustris,127,120,66,40.43,,1440,792,Gymnosperm,Pinaceae,Pinus,palustris
Pinus cembroides,111,66,44,35.33,,792,528,Gymnosperm,Pinaceae,Pinus,cembroides
Pinus radiata,204,95,90,64.94,,1140,1080,Gymnosperm,Pinaceae,Pinus,radiata
Pinus radiata,208,95,74,66.21,,1140,888,Gymnosperm,Pinaceae,Pinus,radiata
Pinus quadrifolia,86,53,42,27.37,,636,504,Gymnosperm,Pinaceae,Pinus,quadrifolia
Pinus edulis,213,69,52,67.8,,828,624,Gymnosperm,Pinaceae,Pinus,edulis
Pinus rigida,142,112,75,45.2,,1344,900,Gymnosperm,Pinaceae,Pinus,rigida
Pinus rigida,169,99,40,53.79,,1188,480,Gymnosperm,Pinaceae,Pinus,rigida
Pinus serotina,111,132,52,35.33,,1584,624,Gymnosperm,Pinaceae,Pinus,serotina
Pinus ponderosa var. ponderosa,293,227,68,93.26,,2724,816,Gymnosperm,Pinaceae,Pinus,ponderosa
Pinus ponderosa var. ponderosa,294,223,59,93.58,,2676,708,Gymnosperm,Pinaceae,Pinus,ponderosa
Pinus resinosa,124,124,60,39.47,,1488,720,Gymnosperm,Pinaceae,Pinus,resinosa
Pinus resinosa,120,126,48,38.2,,1512,576,Gymnosperm,Pinaceae,Pinus,resinosa
Pinus ponderosa var. scopulorum,241,194,64,76.71,,2328,768,Gymnosperm,Pinaceae,Pinus,ponderosa
Pinus clausa,97,91,42,30.88,,1092,504,Gymnosperm,Pinaceae,Pinus,clausa
Pinus sylvestris,186,64,76,59.21,,768,912,Gymnosperm,Pinaceae,Pinus,sylvestris
Pinus contorta var. contorta,138,101,37,43.93,,1212,444,Gymnosperm,Pinaceae,Pinus,contorta
Pinus echinata,174,112,61,55.39,,1344,732,Gymnosperm,Pinaceae,Pinus,echinata
Pinus contorta var. murrayana,245,116,50,77.99,,1392,600,Gymnosperm,Pinaceae,Pinus,contorta
Pinus contorta var. murrayana,238,124,42,75.76,,1488,504,Gymnosperm,Pinaceae,Pinus,contorta
Pinus monophylla,164,45,40,52.2,,540,480,Gymnosperm,Pinaceae,Pinus,monophylla
Pinus elliottii var. elliottii,143,129,59,45.52,,1548,708,Gymnosperm,Pinaceae,Pinus,elliottii
Pinus elliottii var. elliottii,130,138,55,41.38,,1656,660,Gymnosperm,Pinaceae,Pinus,elliottii
Pinus elliottii var densa,138,68,64,43.93,,816,768,Gymnosperm,Pinaceae,Pinus,elliottii
Pinus strobiformis,185,111,62,58.89,,1332,744,Gymnosperm,Pinaceae,Pinus,strobiformis
Pinus glabra,125,149,53,39.79,,1788,636,Gymnosperm,Pinaceae,Pinus,glabra
Pinus glabra,160,112,66,50.93,,1344,792,Gymnosperm,Pinaceae,Pinus,glabra
Pinus lambertiana,442,232,29,140.69,,2784,348,Gymnosperm,Pinaceae,Pinus,lambertiana
Pinus pungens,97,94,46,30.88,,1128,552,Gymnosperm,Pinaceae,Pinus,pungens
Pinus torreyana,245,126,130,77.99,,1512,1560,Gymnosperm,Pinaceae,Pinus,torreyana
Pinus virginiana,133,89,52,42.34,,1068,624,Gymnosperm,Pinaceae,Pinus,virginiana
Pinus washoensis,243,145,64,77.35,,1740,768,Gymnosperm,Pinaceae,Pinus,washoensis
Pinus monticola,394,151,52,125.41,,1812,624,Gymnosperm,Pinaceae,Pinus,monticola
Pinus albicaulis,331,69,47,105.36,,828,564,Gymnosperm,Pinaceae,Pinus,albicaulis
Picea mariana,62,78,21,19.74,,936,252,Gymnosperm,Pinaceae,Picea,mariana
Picea glauca var. densata,104,122,25,33.1,,1464,300,Gymnosperm,Pinaceae,Picea,glauca
Picea pungens,190,127,43,60.48,,1524,516,Gymnosperm,Pinaceae,Picea,pungens
Picea brewerana,272,137,44,86.58,,1644,528,Gymnosperm,Pinaceae,Picea,breweriana
Picea engelmannii,283,179,27,90.08,,2148,324,Gymnosperm,Pinaceae,Picea,engelmannii
Picea abies,185,108,55,58.89,,1296,660,Gymnosperm,Pinaceae,Picea,abies
Picea rubens,169,123,39,53.79,,1476,468,Gymnosperm,Pinaceae,Picea,rubens
Picea rubens,144,146,34,45.84,,1752,408,Gymnosperm,Pinaceae,Picea,rubens
Picea sitchensis,673,206,93,214.22,,2472,1116,Gymnosperm,Pinaceae,Picea,sitchensis
Picea sitchensis,707,191,96,225.05,,2292,1152,Gymnosperm,Pinaceae,Picea,sitchensis
Picea glauca var. glauca,125,130,28,39.79,,1560,336,Gymnosperm,Pinaceae,Picea,glauca
Larix laricina,151,62,64,48.06,,744,768,Gymnosperm,Pinaceae,Larix,laricina
Platanus wrightii,335,69,88,106.63,,828,1056,Angiosperm,Platanaceae,Platanus,wrightii
Platanus wrightii,283,114,116,90.08,,1368,1392,Angiosperm,Platanaceae,Platanus,wrightii
Platanus racemosa,350,95,108,111.41,,1140,1296,Angiosperm,Platanaceae,Platanus,racemosa
Platanus occidentalis,440,85,68,140.06,,1020,816,Angiosperm,Platanaceae,Platanus,occidentalis
Coccoloba diversifolia,84,49,22,26.74,,588,264,Angiosperm,Polygonaceae,Coccoloba,diversifolia
Coccoloba uvifera,149,62,66,47.43,,744,792,Angiosperm,Polygonaceae,Coccoloba,uvifera
Jacquinia keyensis,23,13,13,7.32,,156,156,Angiosperm,Primulaceae,Jacquinia,keyensis
Rapanea punctata,29,30,17,9.23,,360,204,Angiosperm,Primulaceae,Rapanea,punctata
Drypetes lateriflora,21,23,8,6.68,,276,96,Angiosperm,Putranjivaceae,Drypetes,lateriflora
Drypetes diversifolia,39,46,18,12.41,,552,216,Angiosperm,Putranjivaceae,Drypetes,diversifolia
Ceanothus thyrsiflorus,32,41,20,10.19,,492,240,Angiosperm,Rhamnaceae,Ceanothus,thyrsiflorus
Condalia hookeri,77,30,26,24.51,,360,312,Angiosperm,Rhamnaceae,Condalia,hookeri
Rhamnus crocea,26,26,44,8.28,,312,528,Angiosperm,Rhamnaceae,Rhamnus,crocea
Rhamnus frangula,20,40,25,6.37,,480,300,Angiosperm,Rhamnaceae,Rhamnus,frangula
Rhamnus cathartica,45,61,65,14.32,,732,780,Angiosperm,Rhamnaceae,Rhamnus,cathartica
Rhamnus purshiana,109,27,43,34.7,,324,516,Angiosperm,Rhamnaceae,Rhamnus,purshiana
Rhamnus purshiana,99,37,50,31.51,,444,600,Angiosperm,Rhamnaceae,Rhamnus,purshiana
Rhamnus caroliniana,41,27,23,13.05,,324,276,Angiosperm,Rhamnaceae,Rhamnus,caroliniana
Rhamnus caroliniana,40,25,24,12.73,,300,288,Angiosperm,Rhamnaceae,Rhamnus,caroliniana
Rhamnus californica,24,30,25,7.64,,360,300,Angiosperm,Rhamnaceae,Rhamnus,californica
Condalia globosa,42,17,25,13.37,,204,300,Angiosperm,Rhamnaceae,Condalia,globosa
Reynosia septentrionalis,21,28,13,6.68,,336,156,Angiosperm,Rhamnaceae,Reynosia,septentrionalis
Ziziphus jujuba,64,46,36,20.37,,552,432,Angiosperm,Rhamnaceae,Ziziphus,jujuba
Ziziphus jujuba,67,39,34,21.33,,468,408,Angiosperm,Rhamnaceae,Ziziphus,jujuba
Krugiodendron ferreum,70,37,27,22.28,,444,324,Angiosperm,Rhamnaceae,Krugiodendron,ferreum
Ziziphus obtusifolia,14,26,20,4.46,,312,240,Angiosperm,Rhamnaceae,Ziziphus,obtusifolia
Colubrina elliptica,24,41,9,7.64,,492,108,Angiosperm,Rhamnaceae,Colubrina,elliptica
Colubrina elliptica,25,30,29,7.96,,360,348,Angiosperm,Rhamnaceae,Colubrina,elliptica
Colubrina elliptica,22,41,13,7,,492,156,Angiosperm,Rhamnaceae,Colubrina,elliptica
Rhizophora mangle,47,58,42,14.96,,696,504,Angiosperm,Rhizophoraceae,Rhizophora,mangle
Malus coronaria,70,37,35,22.28,,444,420,Angiosperm,Rosaceae,Malus,coronaria
Malus angustifolia,96,47,60,30.56,,564,720,Angiosperm,Rosaceae,Malus,angustifolia
Malus angustifolia,115,30,61,36.61,,360,732,Angiosperm,Rosaceae,Malus,angustifolia
Malus ioensis,38,46,68,12.1,,552,816,Angiosperm,Rosaceae,Malus,ioensis
Malus fusca,66,79,47,21.01,,948,564,Angiosperm,Rosaceae,Malus,fusca
Malus sylvestris,183,44,49,58.25,,528,588,Angiosperm,Rosaceae,Malus,sylvestris
Cercocarpus breviflorus,32,20,17,10.19,,240,204,Angiosperm,Rosaceae,Cercocarpus,breviflorus
Cercocarpus ledifolius,78,21,31,24.83,,252,372,Angiosperm,Rosaceae,Cercocarpus,ledifolius
Cercocarpus betuloides,44,34,29,14.01,,408,348,Angiosperm,Rosaceae,Cercocarpus,betuloides
Cercocarpus montanus,26,21,11,8.28,,252,132,Angiosperm,Rosaceae,Cercocarpus,montanus
Prunus myrtifolia,65,53,50,20.69,,636,600,Angiosperm,Rosaceae,Prunus,myrtifolia
Prunus serotina var. rufula,100,39,42,31.83,,468,504,Angiosperm,Rosaceae,Prunus,serotina
Prunus serotina var. rufula,102,45,26,32.47,,540,312,Angiosperm,Rosaceae,Prunus,serotina
Prunus cerasus,119,68,75,37.88,,816,900,Angiosperm,Rosaceae,Prunus,cerasus
Prunus pensylvanica,71,85,28,22.6,,1020,336,Angiosperm,Rosaceae,Prunus,pensylvanica
Prunus avium,263,80,80,83.72,,960,960,Angiosperm,Rosaceae,Prunus,avium
Prunus mahaleb,78,36,47,24.83,,432,564,Angiosperm,Rosaceae,Prunus,mahaleb
Prunus ilicifolia,54,50,56,17.19,,600,672,Angiosperm,Rosaceae,Prunus,ilicifolia
Prunus serotina var. eximia,102,51,53,32.47,,612,636,Angiosperm,Rosaceae,Prunus,serotina
Prunus virginiana var. melanocarpa,54,73,18,17.19,,876,216,Angiosperm,Rosaceae,Prunus,virginiana
Prunus virginiana var. virginiana,168,74,88,53.48,,888,1056,Angiosperm,Rosaceae,Prunus,virginiana
Prunus lyonii,120,41,55,38.2,,492,660,Angiosperm,Rosaceae,Prunus,lyonii
Prunus serotina,210,134,70,66.85,,1608,840,Angiosperm,Rosaceae,Prunus,serotina
Prunus emarginata,65,86,40,20.69,,1032,480,Angiosperm,Rosaceae,Prunus,emarginata
Prunus emarginata,58,100,27,18.46,,1200,324,Angiosperm,Rosaceae,Prunus,emarginata
Prunus serotina var. alabamensis,40,35,27,12.73,,420,324,Angiosperm,Rosaceae,Prunus,serotina
Cowania mexicana,15,30,12,4.77,,360,144,Angiosperm,Rosaceae,Cowania,mexicana
Crataegus flava,38,41,34,12.1,,492,408,Angiosperm,Rosaceae,Crataegus,flava
Crataegus phaenopyrum,62,30,32,19.74,,360,384,Angiosperm,Rosaceae,Crataegus,phaenopyrum
Crataegus phaenopyrum,54,36,38,17.19,,432,456,Angiosperm,Rosaceae,Crataegus,phaenopyrum
Crataegus phaenopyrum,61,33,44,19.42,,396,528,Angiosperm,Rosaceae,Crataegus,phaenopyrum
Crataegus coccinea,62,34,32,19.74,,408,384,Angiosperm,Rosaceae,Crataegus,coccinea
Crataegus opaca,58,30,35,18.46,,360,420,Angiosperm,Rosaceae,Crataegus,opaca
Crataegus calpodendron,23,20,25,7.32,,240,300,Angiosperm,Rosaceae,Crataegus,calpodendron
Crataegus marshallii,48,30,34,15.28,,360,408,Angiosperm,Rosaceae,Crataegus,marshallii
Crataegus monogyna,111,37,58,35.33,,444,696,Angiosperm,Rosaceae,Crataegus,monogyna
Crataegus uniflora,14,18,16,4.46,,216,192,Angiosperm,Rosaceae,Crataegus,uniflora
Crataegus aestivalis,54,34,43,17.19,,408,516,Angiosperm,Rosaceae,Crataegus,aestivalis
Crataegus spathulata,42,35,32,13.37,,420,384,Angiosperm,Rosaceae,Crataegus,spathulata
Crataegus viridis,61,40,45,19.42,,480,540,Angiosperm,Rosaceae,Crataegus,viridis
Crataegus pruinosa,63,32,32,20.05,,384,384,Angiosperm,Rosaceae,Crataegus,pruinosa
Crataegus pruinosa,64,30,36,20.37,,360,432,Angiosperm,Rosaceae,Crataegus,pruinosa
Crataegus succulenta,51,21,30,16.23,,252,360,Angiosperm,Rosaceae,Crataegus,succulenta
Crataegus flabellata,47,36,35,14.96,,432,420,Angiosperm,Rosaceae,Crataegus,flabellata
Crataegus mollis,105,52,62,33.42,,624,744,Angiosperm,Rosaceae,Crataegus,mollis
Crataegus punctata,97,38,38,30.88,,456,456,Angiosperm,Rosaceae,Crataegus,punctata
Crataegus columbiana,38,24,23,12.1,,288,276,Angiosperm,Rosaceae,Crataegus,columbiana
Crataegus crus-galli,60,40,48,19.1,,480,576,Angiosperm,Rosaceae,Crataegus,crus-galli
Crataegus erythropoda,24,16,21,7.64,,192,252,Angiosperm,Rosaceae,Crataegus,erythropoda
Crataegus brachyacantha,98,36,46,31.19,,432,552,Angiosperm,Rosaceae,Crataegus,brachyacantha
Crataegus douglasii,111,41,57,35.33,,492,684,Angiosperm,Rosaceae,Crataegus,douglasii
Crataegus intricata,90,23,42,28.65,,276,504,Angiosperm,Rosaceae,Crataegus,intricata
Crataegus pulcherrima,25,46,31,7.96,,552,372,Angiosperm,Rosaceae,Crataegus,pulcherrima
Prunus laurocerasus,96,32,52,30.56,,384,624,Angiosperm,Rosaceae,Prunus,laurocerasus
Prunus caroliniana,128,47,49,40.74,,564,588,Angiosperm,Rosaceae,Prunus,caroliniana
Prunus caroliniana,127,47,55,40.43,,564,660,Angiosperm,Rosaceae,Prunus,caroliniana
Sorbus sitchensis,19,50,18,6.05,,600,216,Angiosperm,Rosaceae,Sorbus,sitchensis
Sorbus decora,57,58,32,18.14,,696,384,Angiosperm,Rosaceae,Sorbus,decora
Sorbus scopulina,24,14,20,7.64,,168,240,Angiosperm,Rosaceae,Sorbus,scopulina
Sorbus aucuparia,132,43,42,42.02,,516,504,Angiosperm,Rosaceae,Sorbus,aucuparia
Sorbus americana,80,62,40,25.46,,744,480,Angiosperm,Rosaceae,Sorbus,americana
Prunus persica,72,18,32,22.92,,216,384,Angiosperm,Rosaceae,Prunus,persica
Prunus persica,50,37,25,15.92,,444,300,Angiosperm,Rosaceae,Prunus,persica
Pyrus communis,174,59,56,55.39,,708,672,Angiosperm,Rosaceae,Pyrus,communis
Pyrus communis,171,58,50,54.43,,696,600,Angiosperm,Rosaceae,Pyrus,communis
Prunus alleghaniensis,37,37,24,11.78,,444,288,Angiosperm,Rosaceae,Prunus,alleghaniensis
Prunus alleghaniensis,52,24,32,16.55,,288,384,Angiosperm,Rosaceae,Prunus,alleghaniensis
Prunus americana,39,48,36,12.41,,576,432,Angiosperm,Rosaceae,Prunus,americana
Prunus nigra,50,51,48,15.92,,612,576,Angiosperm,Rosaceae,Prunus,nigra
Prunus angustifolia,130,86,48,41.38,,1032,576,Angiosperm,Rosaceae,Prunus,angustifolia
Prunus umbellata,18,34,24,5.73,,408,288,Angiosperm,Rosaceae,Prunus,umbellata
Prunus domestica,130,47,48,41.38,,564,576,Angiosperm,Rosaceae,Prunus,domestica
Prunus hortulana,34,27,30,10.82,,324,360,Angiosperm,Rosaceae,Prunus,hortulana
Prunus subcordata,42,28,19,13.37,,336,228,Angiosperm,Rosaceae,Prunus,subcordata
Prunus mexicana,94,39,36,29.92,,468,432,Angiosperm,Rosaceae,Prunus,mexicana
Prunus munsoniana,53,17,15,16.87,,204,180,Angiosperm,Rosaceae,Prunus,munsoniana
Adenostoma sparsifolium,42,23,18,13.37,,276,216,Angiosperm,Rosaceae,Adenostoma,sparsifolium
Amelanchier laevis,78,101,36,24.83,,1212,432,Angiosperm,Rosaceae,Amelanchier,laevis
Amelanchier arborea,108,60,53,34.38,,720,636,Angiosperm,Rosaceae,Amelanchier,arborea
Amelanchier sanguinea,54,34,42,17.19,,408,504,Angiosperm,Rosaceae,Amelanchier,sanguinea
Amelanchier utahensis,273,30,26,86.9,,360,312,Angiosperm,Rosaceae,Amelanchier,utahensis
Amelanchier alnifolia,39,42,43,12.41,,504,516,Angiosperm,Rosaceae,Amelanchier,alnifolia
Heteromeles arbutifolia,58,32,28,18.46,,384,336,Angiosperm,Rosaceae,Heteromeles,arbutifolia
Vauquelinia californica,78,47,40,24.83,,564,480,Angiosperm,Rosaceae,Vauquelinia,californica
Cephalanthus occidentalis,60,26,38,19.1,,312,456,Angiosperm,Rubiaceae,Cephalanthus,occidentalis
Pinckneya pubens,10,21,7,3.18,,252,84,Angiosperm,Rubiaceae,Pinckneya,pubens
Exostema caribaeum,22,33,19,7,,396,228,Angiosperm,Rubiaceae,Exostema,caribaeum
Hamelia patens,15,13,16,4.77,,156,192,Angiosperm,Rubiaceae,Hamelia,patens
Guettarda elliptica,36,23,24,11.46,,276,288,Angiosperm,Rubiaceae,Guettarda,elliptica
Guettarda scabra,11,17,11,3.5,,204,132,Angiosperm,Rubiaceae,Guettarda,scabra
Helietta parvifolia,18,34,25,5.73,,408,300,Angiosperm,Rutaceae,Helietta,parvifolia
Esenbeckia berlandieri,41,24,21,13.05,,288,252,Angiosperm,Rutaceae,Esenbeckia,berlandieri
Zanthoxylum clava-herculis,53,68,29,16.87,,816,348,Angiosperm,Rutaceae,Zanthoxylum,clava-herculis
Zanthoxylum hirsutum,31,50,32,9.87,,600,384,Angiosperm,Rutaceae,Zanthoxylum,hirsutum
Ptelea trifoliata,33,35,40,10.5,,420,480,Angiosperm,Rutaceae,Ptelea,trifoliata
Ptelea crenulata,49,22,20,15.6,,264,240,Angiosperm,Rutaceae,Ptelea,crenulata
Citrus sinensis,61,34,31,19.42,,408,372,Angiosperm,Rutaceae,Citrus,sinensis
Zanthoxylum americanum,15,28,38,4.77,,336,456,Angiosperm,Rutaceae,Zanthoxylum,americanum
Zanthoxylum fagara,21,26,38,6.68,,312,456,Angiosperm,Rutaceae,Zanthoxylum,fagara
Zanthoxylum flavum,33,20,28,10.5,,240,336,Angiosperm,Rutaceae,Zanthoxylum,flavum
Amyris elemifera,18,22,15,5.73,,264,180,Angiosperm,Rutaceae,Amyris,elemifera
Poncirus trifoliata,43,18,20,13.69,,216,240,Angiosperm,Rutaceae,Poncirus,trifoliata
Populus tremuloides,122,109,59,38.83,,1308,708,Angiosperm,Salicaceae,Populus,tremuloides
Populus tremuloides,127,114,32,40.43,,1368,384,Angiosperm,Salicaceae,Populus,tremuloides
Populus grandidentata,105,132,67,33.42,,1584,804,Angiosperm,Salicaceae,Populus,grandidentata
Populus heterophylla,151,93,50,48.06,,1116,600,Angiosperm,Salicaceae,Populus,heterophylla
Populus fremontii var. wislizeni,367,92,120,116.82,,1104,1440,Angiosperm,Salicaceae,Populus,fremontii
Populus deltoides var occidentalis,432,105,93,137.51,,1260,1116,Angiosperm,Salicaceae,Populus,deltoides
Populus angustifolia,314,79,80,99.95,,948,960,Angiosperm,Salicaceae,Populus,angustifolia
Populus fremontii var. mesetae,190,60,60,60.48,,720,720,Angiosperm,Salicaceae,Populus,fremontii
Populus fremontii var. fremontii,504,92,108,160.43,,1104,1296,Angiosperm,Salicaceae,Populus,fremontii
Populus deltoides,441,85,108,140.37,,1020,1296,Angiosperm,Salicaceae,Populus,deltoides
Populus deltoides var. deltoides,433,85,121,137.83,,1020,1452,Angiosperm,Salicaceae,Populus,deltoides
Populus trichocarpa,320,158,110,101.86,,1896,1320,Angiosperm,Salicaceae,Populus,trichocarpa
Populus balsamifera,165,128,57,52.52,,1536,684,Angiosperm,Salicaceae,Populus,balsamifera
Salix lasiolepis,43,27,20,13.69,,324,240,Angiosperm,Salicaceae,Salix,lasiolepis
Salix serissima,35,48,44,11.14,,576,528,Angiosperm,Salicaceae,Salix,serissima
Salix bebbiana,101,23,27,32.15,,276,324,Angiosperm,Salicaceae,Salix,bebbiana
Salix nigra,400,76,92,127.32,,912,1104,Angiosperm,Salicaceae,Salix,nigra
Salix bonplandiana,169,63,74,53.79,,756,888,Angiosperm,Salicaceae,Salix,bonplandiana
Salix caroliniana,106,52,56,33.74,,624,672,Angiosperm,Salicaceae,Salix,caroliniana
Salix fragilis,310,116,131,98.68,,1392,1572,Angiosperm,Salicaceae,Salix,fragilis
Salix fragilis,305,122,124,97.08,,1464,1488,Angiosperm,Salicaceae,Salix,fragilis
Salix alaxensis,41,36,24,13.05,,432,288,Angiosperm,Salicaceae,Salix,alaxensis
Salix floridana,11,20,23,3.5,,240,276,Angiosperm,Salicaceae,Salix,floridana
Salix gooddingii,354,45,89,112.68,,540,1068,Angiosperm,Salicaceae,Salix,gooddingii
Salix hindsiana,58,50,32,18.46,,600,384,Angiosperm,Salicaceae,Salix,hindsiana
Salix hookerana,65,50,39,20.69,,600,468,Angiosperm,Salicaceae,Salix,hookeriana
Salix mackenzieana,17,30,27,5.41,,360,324,Angiosperm,Salicaceae,Salix,mackenzieana
Salix petiolaris,13,34,18,4.14,,408,216,Angiosperm,Salicaceae,Salix,petiolaris
Salix lasiandra,157,70,65,49.97,,840,780,Angiosperm,Salicaceae,Salix,lasiandra
Salix lasiandra,171,54,84,54.43,,648,1008,Angiosperm,Salicaceae,Salix,lasiandra
Salix amygdaloides,396,80,77,126.05,,960,924,Angiosperm,Salicaceae,Salix,amygdaloides
Salix purpurea,15,37,49,4.77,,444,588,Angiosperm,Salicaceae,Salix,purpurea
Salix discolor,54,47,33,17.19,,564,396,Angiosperm,Salicaceae,Salix,discolor
Salix discolor,74,25,48,23.55,,300,576,Angiosperm,Salicaceae,Salix,discolor
Salix exigua,69,36,46,21.96,,432,552,Angiosperm,Salicaceae,Salix,exigua
Salix scoulerana,168,40,50,53.48,,480,600,Angiosperm,Salicaceae,Salix,scouleriana
Salix scoulerana,144,64,47,45.84,,768,564,Angiosperm,Salicaceae,Salix,scouleriana
Salix lucida,130,74,81,41.38,,888,972,Angiosperm,Salicaceae,Salix,lucida
Salix sericea,40,48,36,12.73,,576,432,Angiosperm,Salicaceae,Salix,sericea
Salix sitchensis,32,35,37,10.19,,420,444,Angiosperm,Salicaceae,Salix,sitchensis
Salix tracyi,36,20,15,11.46,,240,180,Angiosperm,Salicaceae,Salix,tracyi
Salix babylonica,309,117,116,98.36,,1404,1392,Angiosperm,Salicaceae,Salix,babylonica
Salix babylonica,344,86,93,109.5,,1032,1116,Angiosperm,Salicaceae,Salix,babylonica
Salix alba,316,118,131,100.59,,1416,1572,Angiosperm,Salicaceae,Salix,alba
Salix alba,301,133,142,95.81,,1596,1704,Angiosperm,Salicaceae,Salix,alba
Salix lutea,25,24,16,7.96,,288,192,Angiosperm,Salicaceae,Salix,lutea
Salix taxifolia,71,33,31,22.6,,396,372,Angiosperm,Salicaceae,Salix,taxifolia
Salix taxifolia,74,27,33,23.55,,324,396,Angiosperm,Salicaceae,Salix,taxifolia
Acer negundo,214,110,127,68.12,,1320,1524,Angiosperm,Sapindaceae,Acer,negundo
Aesculus octandra,229,136,53,72.89,,1632,636,Angiosperm,Sapindaceae,Aesculus,octandra
Aesculus glabra var. arguta,51,30,24,16.23,,360,288,Angiosperm,Sapindaceae,Aesculus,glabra
Aesculus pavia,95,58,48,30.24,,696,576,Angiosperm,Sapindaceae,Aesculus,pavia
Aesculus pavia,91,64,52,28.97,,768,624,Angiosperm,Sapindaceae,Aesculus,pavia
Aesculus sylvatica,12,27,15,3.82,,324,180,Angiosperm,Sapindaceae,Aesculus,sylvatica
Aesculus glabra var. glabra,151,148,48,48.06,,1776,576,Angiosperm,Sapindaceae,Aesculus,glabra
Aesculus californica,166,47,59,52.84,,564,708,Angiosperm,Sapindaceae,Aesculus,californica
Aesculus parviflora,34,14,20,10.82,,168,240,Angiosperm,Sapindaceae,Aesculus,parviflora
Cupania glabra,25,31,22,7.96,,372,264,Angiosperm,Sapindaceae,Cupania,glabra
Dodonaea viscosa,14,22,13,4.46,,264,156,Angiosperm,Sapindaceae,Dodonaea,viscosa
Hypelate trifoliata,46,39,25,14.64,,468,300,Angiosperm,Sapindaceae,Hypelate,trifoliata
hypelate trifoliata,54,39,8,17.19,,468,96,Angiosperm,Sapindaceae,Hypelate,trifoliata
Exothea paniculata,40,44,21,12.73,,528,252,Angiosperm,Sapindaceae,Exothea,paniculata
Acer circinatum,56,40,34,17.83,,480,408,Angiosperm,Sapindaceae,Acer,circinatum
Acer saccharum,274,65,54,87.22,,780,648,Angiosperm,Sapindaceae,Acer,saccharum
Acer pensylvanicum,44,77,31,14.01,,924,372,Angiosperm,Sapindaceae,Acer,pensylvanicum
Acer saccharinum,293,115,110,93.26,,1380,1320,Angiosperm,Sapindaceae,Acer,saccharinum
Acer glabrum,107,67,55,34.06,,804,660,Angiosperm,Sapindaceae,Acer,glabrum
Acer rubrum,276,141,88,87.85,,1692,1056,Angiosperm,Sapindaceae,Acer,rubrum
Acer platanoides,230,70,78,73.21,,840,936,Angiosperm,Sapindaceae,Acer,platanoides
Acer platanoides,212,79,100,67.48,,948,1200,Angiosperm,Sapindaceae,Acer,platanoides
Acer spicatum,33,58,31,10.5,,696,372,Angiosperm,Sapindaceae,Acer,spicatum
Acer spicatum,34,62,20,10.82,,744,240,Angiosperm,Sapindaceae,Acer,spicatum
Acer barbatum,140,58,45,44.56,,696,540,Angiosperm,Sapindaceae,Acer,barbatum
Acer leucoderme,34,54,50,10.82,,648,600,Angiosperm,Sapindaceae,Acer,leucoderme
Acer grandidentatum,139,75,50,44.25,,900,600,Angiosperm,Sapindaceae,Acer,grandidentatum
Acer nigrum,198,118,127,63.03,,1416,1524,Angiosperm,Sapindaceae,Acer,nigrum
Acer macrophyllum,419,101,90,133.37,,1212,1080,Angiosperm,Sapindaceae,Acer,macrophyllum
Sapindus drummondii,126,62,67,40.11,,744,804,Angiosperm,Sapindaceae,Sapindus,drummondii
Sapindus saponaria,88,72,36,28.01,,864,432,Angiosperm,Sapindaceae,Sapindus,saponaria
Bumelia tenax,41,41,28,13.05,,492,336,Angiosperm,Sapotaceae,Bumelia,tenax
Bumelia celastrina,55,30,32,17.51,,360,384,Angiosperm,Sapotaceae,Bumelia,celastrina
Bumelia lanuginosa,93,80,66,29.6,,960,792,Angiosperm,Sapotaceae,Bumelia,lanuginosa
Bumelia lycioides,48,31,29,15.28,,372,348,Angiosperm,Sapotaceae,Bumelia,lycioides
Dipholis salicifolia,72,57,29,22.92,,684,348,Angiosperm,Sapotaceae,Dipholis,salicifolia
Mastichodendron foetidissimum,105,118,94,33.42,,1416,1128,Angiosperm,Sapotaceae,Mastichodendron,foetidissimum
Manilkara zapota,156,72,62,49.66,,864,744,Angiosperm,Sapotaceae,Manilkara,zapota
Manilkara zapota,174,56,53,55.39,,672,636,Angiosperm,Sapotaceae,Manilkara,zapota
Chrysophyllum oliviforme,73,41,34,23.24,,492,408,Angiosperm,Sapotaceae,Chrysophyllum,oliviforme
Manilkara bahamensis,34,19,32,10.82,,228,384,Angiosperm,Sapotaceae,Manilkara,bahamensis
Illicium parviflorum,7,18,13,2.23,,216,156,Angiosperm,Schisandraceae,Illicium,parviflorum
Illicium floridanum,15,29,20,4.77,,348,240,Angiosperm,Schisandraceae,Illicium,floridanum
Schoepfia chrysophylloides,7,15,10,2.23,,180,120,Angiosperm,Schoepfiaceae,Schoepfia,chrysophylloides
Ailanthus altissima,248,67,64,78.94,,804,768,Angiosperm,Simaroubaceae,Ailanthus,altissima
Leitneria floridana,8,15,8,2.55,,180,96,Angiosperm,Simaroubaceae,Leitneria,floridana
Leitneria floridana,8,16,7,2.55,,192,84,Angiosperm,Simaroubaceae,Leitneria,floridana
Holacantha emoryi,38,25,23,12.1,,300,276,Angiosperm,Simaroubaceae,Holacantha,emoryi
Simarouba glauca,109,63,59,34.7,,756,708,Angiosperm,Simaroubaceae,Simarouba,glauca
Nicotiana glauca,14,20,14,4.46,,240,168,Angiosperm,Solanaceae,Nicotiana,glauca
Staphylea bolanderi,14,28,12,4.46,,336,144,Angiosperm,Staphyleaceae,Staphylea,bolanderi
Staphylea trifolia,19,36,37,6.05,,432,444,Angiosperm,Staphyleaceae,Staphylea,trifolia
Halesia carolina,152,110,43,48.38,,1320,516,Angiosperm,Styracaceae,Halesia,carolina
Halesia parviflora,11,23,15,3.5,,276,180,Angiosperm,Styracaceae,Halesia,parviflora
Halesia diptera,114,42,40,36.29,,504,480,Angiosperm,Styracaceae,Halesia,diptera
Styrax grandifolius,8,28,39,2.55,,336,468,Angiosperm,Styracaceae,Styrax,grandifolius
Suriana maritima,10,12,23,3.18,,144,276,Angiosperm,Surianaceae,Suriana,maritima
Symplocos tinctoria,54,54,38,17.19,,648,456,Angiosperm,Symplocaceae,Symplocos,tinctoria
Symplocos tinctoria,35,70,36,11.14,,840,432,Angiosperm,Symplocaceae,Symplocos,tinctoria
Tamarix parviflora,45,25,16,14.32,,300,192,Angiosperm,Tamaricaceae,Tamarix,parviflora
Tamarix parviflora,56,14,22,17.83,,168,264,Angiosperm,Tamaricaceae,Tamarix,parviflora
Tamarix chinensis,170,45,50,54.11,,540,600,Angiosperm,Tamaricaceae,Tamarix,chinensis
Torreya californica,251,96,68,79.9,Gymnosperm,1152,816,Angiosperm,Taxaceae,Torreya,californica
Torreya taxifolia,109,45,40,34.7,Gymnosperm,540,480,Angiosperm,Taxaceae,Torreya,taxifolia
Taxus floridana,25,20,26,7.96,Gymnosperm,240,312,Angiosperm,Taxaceae,Taxus,floridana
Taxus brevifolia,160,70,40,50.93,Gymnosperm,840,480,Angiosperm,Taxaceae,Taxus,brevifolia
Taxus brevifolia,180,54,30,57.3,Gymnosperm,648,360,Angiosperm,Taxaceae,Taxus,brevifolia
Franklinia alatamaha,78,37,42,24.83,,444,504,Angiosperm,Theaceae,Franklinia,alatamaha
Gordonia lasianthus,164,95,60,52.2,,1140,720,Angiosperm,Theaceae,Gordonia,lasianthus
Stewartia ovata,25,18,14,7.96,,216,168,Angiosperm,Theaceae,Stewartia,ovata
Stewartia ovata,20,26,17,6.37,,312,204,Angiosperm,Theaceae,Stewartia,ovata
Stewartia malacodendron,10,19,28,3.18,,228,336,Angiosperm,Theaceae,Stewartia,malacodendron
Stewartia malacodendron,10,15,24,3.18,,180,288,Angiosperm,Theaceae,Stewartia,malacodendron
Ulmus alata,185,97,78,58.89,,1164,936,Angiosperm,Ulmaceae,Ulmus,alata
Ulmus rubra,250,100,100,79.58,,1200,1200,Angiosperm,Ulmaceae,Ulmus,rubra
Ulmus rubra,240,100,119,76.39,,1200,1428,Angiosperm,Ulmaceae,Ulmus,rubra
Ulmus pumila,238,86,128,75.76,,1032,1536,Angiosperm,Ulmaceae,Ulmus,pumila
Ulmus pumila,239,95,97,76.08,,1140,1164,Angiosperm,Ulmaceae,Ulmus,pumila
Ulmus serotina,105,150,64,33.42,,1800,768,Angiosperm,Ulmaceae,Ulmus,serotina
Ulmus thomasii,202,117,122,64.3,,1404,1464,Angiosperm,Ulmaceae,Ulmus,thomasii
Ulmus americana var. floridana,120,102,70,38.2,,1224,840,Angiosperm,Ulmaceae,Ulmus,americana
Ulmus crassifolia,162,127,75,51.57,,1524,900,Angiosperm,Ulmaceae,Ulmus,crassifolia
Ulmus americana,277,122,84,88.17,,1464,1008,Angiosperm,Ulmaceae,Ulmus,americana
Ulmus americana,282,112,115,89.76,,1344,1380,Angiosperm,Ulmaceae,Ulmus,americana
Planera aquatica,183,106,96,58.25,,1272,1152,Angiosperm,Ulmaceae,Planera,aquatica
Citharexylum fruticosum,17,27,12,5.41,,324,144,Angiosperm,Verbenaceae,Citharexylum,fruticosum
Ximenia americana,16,18,14,5.09,,216,168,Angiosperm,Ximeniaceae,Ximenia,americana
Guaiacum angustifolium,32,26,22,10.19,,312,264,Angiosperm,Zygophyllaceae,Guaiacum,angustifolium
Guaiacum sanctum,37,31,39,11.78,,372,468,Angiosperm,Zygophyllaceae,Guaiacum,sanctum